{
  "roe": -0.03675,
  "debt_to_equity": 0.60036,
  "eps_growth": 0.369,
  "pe_ratio": 16.113949,
  "fcf_yield": 0.14003820842592954,
  "revenue_growth": -0.051,
  "profit_margin": -0.077199996
}