{
  "roe": 0.14745,
  "debt_to_equity": 1.41344,
  "eps_growth": 0.278,
  "pe_ratio": 20.581396,
  "fcf_yield": 0.0889272817153894,
  "revenue_growth": 0.034,
  "profit_margin": 0.03097
}