{
  "roe": -0.02007,
  "debt_to_equity": 0.39622999999999997,
  "eps_growth": 63.361,
  "pe_ratio": 32.615192,
  "fcf_yield": -0.02504772128389104,
  "revenue_growth": -0.111,
  "profit_margin": -0.04013
}