{
  "roe": 0.050619997,
  "debt_to_equity": 0.4205,
  "eps_growth": 30.46,
  "pe_ratio": 159.29825,
  "fcf_yield": -0.003211466743253794,
  "revenue_growth": 0.046,
  "profit_margin": 0.06967
}