{
  "roe": -0.02499,
  "debt_to_equity": 0.003,
  "eps_growth": null,
  "pe_ratio": null,
  "fcf_yield": -0.004560522350621798,
  "revenue_growth": -0.304,
  "profit_margin": -0.24237
}