{
  "roe": 0.14564,
  "debt_to_equity": 0.37534,
  "eps_growth": -0.089,
  "pe_ratio": 14.819078,
  "fcf_yield": -0.28033811853446783,
  "revenue_growth": 0.004,
  "profit_margin": 0.092489995
}