{
  "roe": 0.08636,
  "debt_to_equity": 0.53905,
  "eps_growth": -0.459,
  "pe_ratio": 16.564102,
  "fcf_yield": -0.03063149112344218,
  "revenue_growth": -0.253,
  "profit_margin": 0.101739995
}