{
  "roe": 0.02553,
  "debt_to_equity": 0.766,
  "eps_growth": -0.654,
  "pe_ratio": 21.973686,
  "fcf_yield": -0.1804929434665337,
  "revenue_growth": -0.229,
  "profit_margin": 0.046680003
}