{
  "roe": -0.097950004,
  "debt_to_equity": 1.37612,
  "eps_growth": 1.1992619926199262,
  "pe_ratio": 93.51852,
  "fcf_yield": 0.15981128465719352,
  "revenue_growth": -0.033,
  "profit_margin": -0.16934
}