{
  "roe": 0.03249,
  "debt_to_equity": 0.52116,
  "eps_growth": 3.803,
  "pe_ratio": 52.733334,
  "fcf_yield": -0.02829485324960622,
  "revenue_growth": -0.084,
  "profit_margin": 0.0357
}