{
  "roe": 0.08140001,
  "debt_to_equity": 0.90119,
  "eps_growth": 9.732,
  "pe_ratio": 109.44444,
  "fcf_yield": -1.1334403361052336,
  "revenue_growth": 0.021,
  "profit_margin": 0.00741
}