{
  "roe": 0.07837,
  "debt_to_equity": 2.032,
  "eps_growth": 1.385,
  "pe_ratio": 38.405796,
  "fcf_yield": 0.0396430043128573,
  "revenue_growth": 0.07,
  "profit_margin": 0.055609997
}