{
  "roe": -0.01831,
  "debt_to_equity": 0.81568,
  "eps_growth": 2.3568620689655173,
  "pe_ratio": 49.556534,
  "fcf_yield": 0.03679092872434805,
  "revenue_growth": -0.048,
  "profit_margin": -0.02249
}