{
  "roe": 0.03783,
  "debt_to_equity": 0.27331,
  "eps_growth": 0.399,
  "pe_ratio": 80.0464,
  "fcf_yield": 0.004411445327616707,
  "revenue_growth": 0.02,
  "profit_margin": 0.06289
}