{
  "roe": 0.03815,
  "debt_to_equity": 9.531,
  "eps_growth": 0.53,
  "pe_ratio": 15.568863,
  "fcf_yield": -0.009125027210481931,
  "revenue_growth": 0.221,
  "profit_margin": 0.35178003
}