{
  "roe": 0.17336,
  "debt_to_equity": 0.20111,
  "eps_growth": 0.107,
  "pe_ratio": 36.28788,
  "fcf_yield": -0.006536098824099788,
  "revenue_growth": 0.192,
  "profit_margin": 0.08919
}