{
  "roe": 0.12515001,
  "debt_to_equity": 0.18694,
  "eps_growth": 1.081,
  "pe_ratio": 33.121826,
  "fcf_yield": 0.020981856345034747,
  "revenue_growth": 0.055,
  "profit_margin": 0.20816
}