{
  "roe": 0.24280001,
  "debt_to_equity": 0.1937,
  "eps_growth": 1.01,
  "pe_ratio": 101.599655,
  "fcf_yield": 0.005327777552139336,
  "revenue_growth": 0.34,
  "profit_margin": 0.118310004
}