{
  "roe": 0.14986,
  "debt_to_equity": 0.22738,
  "eps_growth": -0.091,
  "pe_ratio": 51.821495,
  "fcf_yield": -0.013349415533522715,
  "revenue_growth": 0.168,
  "profit_margin": 0.08574
}