{
  "roe": 0.118149996,
  "debt_to_equity": 0.6662,
  "eps_growth": 0.181,
  "pe_ratio": 19.477612,
  "fcf_yield": 0.010177377542130786,
  "revenue_growth": 0.289,
  "profit_margin": 0.02298
}