{
  "roe": 0.13131,
  "debt_to_equity": 0.34458,
  "eps_growth": null,
  "pe_ratio": 7.5316453,
  "fcf_yield": 0.05950095833781945,
  "revenue_growth": 0.159,
  "profit_margin": 0.31786
}