{
  "roe": 0.05223,
  "debt_to_equity": 0.5528799999999999,
  "eps_growth": -0.1,
  "pe_ratio": 24.525547,
  "fcf_yield": 0.09565081961332862,
  "revenue_growth": 0.011,
  "profit_margin": 0.00764
}