{
  "roe": 0.15875,
  "debt_to_equity": 0.88995,
  "eps_growth": 0.446,
  "pe_ratio": 57.628593,
  "fcf_yield": 0.01578598406133783,
  "revenue_growth": 0.227,
  "profit_margin": 0.18648
}