{
  "roe": 0.3621,
  "debt_to_equity": 0.18447,
  "eps_growth": 0.584,
  "pe_ratio": 31.424295,
  "fcf_yield": 0.01200522738206574,
  "revenue_growth": 0.351,
  "profit_margin": 0.46505
}