{
  "roe": -0.01381,
  "debt_to_equity": 0.45243,
  "eps_growth": 20.804593220338987,
  "pe_ratio": 4.578633,
  "fcf_yield": 0.017509738732058015,
  "revenue_growth": 0.706,
  "profit_margin": -0.01984
}