{
  "roe": 0.12928,
  "debt_to_equity": 0.62974,
  "eps_growth": 25.23267816091954,
  "pe_ratio": 162.06897,
  "fcf_yield": -0.0186077077408497,
  "revenue_growth": 0.913,
  "profit_margin": 0.14087
}