{
  "roe": 0.56133,
  "debt_to_equity": 0.10343,
  "eps_growth": 0.629,
  "pe_ratio": 56.054768,
  "fcf_yield": 0.012810808553421852,
  "revenue_growth": 0.64,
  "profit_margin": 0.107209995
}