{
  "roe": 0.018919999,
  "debt_to_equity": 1.39333,
  "eps_growth": -0.341,
  "pe_ratio": 47.890625,
  "fcf_yield": -0.10398329411163876,
  "revenue_growth": 0.036,
  "profit_margin": 0.00466
}