{
  "roe": 0.07236,
  "debt_to_equity": 0.36894,
  "eps_growth": 0.353,
  "pe_ratio": 25.52,
  "fcf_yield": -0.269187804211116,
  "revenue_growth": 0.181,
  "profit_margin": 0.013839999
}