{
  "roe": 0.14122,
  "debt_to_equity": 1.22659,
  "eps_growth": 0.426,
  "pe_ratio": 25.975101,
  "fcf_yield": 0.024690433417837436,
  "revenue_growth": 0.276,
  "profit_margin": 0.01283
}