{
  "roe": 0.14575,
  "debt_to_equity": 0.13716,
  "eps_growth": -0.235,
  "pe_ratio": 11.749873,
  "fcf_yield": -0.07720327473346425,
  "revenue_growth": 0.411,
  "profit_margin": 0.05198
}