{
  "roe": 0.5212,
  "debt_to_equity": 0.13946,
  "eps_growth": 0.821,
  "pe_ratio": 93.92065,
  "fcf_yield": 0.004299142038912676,
  "revenue_growth": 0.728,
  "profit_margin": 0.40335
}