{
  "roe": 0.046279997,
  "debt_to_equity": 3.046,
  "eps_growth": null,
  "pe_ratio": 40.849674,
  "fcf_yield": -0.004331194677673489,
  "revenue_growth": 1.236,
  "profit_margin": 0.25773
}