{
  "roe": 0.41061002,
  "debt_to_equity": 0.46159,
  "eps_growth": 0.907,
  "pe_ratio": 76.253296,
  "fcf_yield": -0.00033233236685074175,
  "revenue_growth": 0.601,
  "profit_margin": 0.16857
}