{
  "roe": 0.24724,
  "debt_to_equity": 1.32102,
  "eps_growth": 0.663,
  "pe_ratio": 19.534883,
  "fcf_yield": -0.0993812962423231,
  "revenue_growth": 0.598,
  "profit_margin": 0.03812
}