{
  "roe": 0.15403,
  "debt_to_equity": 0.13027,
  "eps_growth": 2.157,
  "pe_ratio": 18.694363,
  "fcf_yield": -0.012363084861543406,
  "revenue_growth": 0.051,
  "profit_margin": 0.03472
}