{
  "roe": 0.31620002,
  "debt_to_equity": 0.24949000000000002,
  "eps_growth": -0.092,
  "pe_ratio": 21.041368,
  "fcf_yield": 0.03049607081281515,
  "revenue_growth": 0.04,
  "profit_margin": 0.1154
}