{
  "roe": 0.36842,
  "debt_to_equity": 2.24215,
  "eps_growth": 0.059,
  "pe_ratio": 16.746033,
  "fcf_yield": -0.08048725369104846,
  "revenue_growth": 0.666,
  "profit_margin": 0.03133
}