{
  "roe": 0.40683997,
  "debt_to_equity": 0.52549,
  "eps_growth": 0.532,
  "pe_ratio": 129.84781,
  "fcf_yield": -0.0002729686449538884,
  "revenue_growth": 0.525,
  "profit_margin": 0.15637
}