{
  "roe": 0.2289,
  "debt_to_equity": 4.404,
  "eps_growth": 0.22,
  "pe_ratio": 41.94079,
  "fcf_yield": 0.01693617736185548,
  "revenue_growth": 0.175,
  "profit_margin": 0.15142
}