{
  "roe": 0.01124,
  "debt_to_equity": 0.11166999999999999,
  "eps_growth": 6.4324324324324325,
  "pe_ratio": 13.656717,
  "fcf_yield": 0.0021975644479685355,
  "revenue_growth": 0.128,
  "profit_margin": -0.02937
}