{
  "roe": 0.7793,
  "debt_to_equity": 1.424,
  "eps_growth": 0.525,
  "pe_ratio": 24.633123,
  "fcf_yield": -0.006944787405111242,
  "revenue_growth": 0.762,
  "profit_margin": 0.13573
}