{
  "roe": 0.19395,
  "debt_to_equity": 0.11506,
  "eps_growth": 24.634271428571427,
  "pe_ratio": 144.52382,
  "fcf_yield": 0.03701792618152755,
  "revenue_growth": 5.829,
  "profit_margin": 0.31906
}