{
  "roe": 0.01677,
  "debt_to_equity": 0.64858,
  "eps_growth": -0.30181111111111114,
  "pe_ratio": 24.444445,
  "fcf_yield": -0.042479595879986315,
  "revenue_growth": -0.043,
  "profit_margin": 0.008640001
}