{
  "roe": 0.09986,
  "debt_to_equity": 9.662,
  "eps_growth": 0.032,
  "pe_ratio": 27.091633,
  "fcf_yield": 0.04048717010088757,
  "revenue_growth": 0.075,
  "profit_margin": 0.16239999
}