{
  "roe": 0.098570004,
  "debt_to_equity": 0.22885999999999998,
  "eps_growth": -0.245,
  "pe_ratio": 18.306774,
  "fcf_yield": -0.13049567531305303,
  "revenue_growth": 0.238,
  "profit_margin": 0.02553
}