{
  "roe": 0.17618999,
  "debt_to_equity": 0.7115699999999999,
  "eps_growth": -0.466,
  "pe_ratio": 52.076923,
  "fcf_yield": -0.046884460700487685,
  "revenue_growth": 0.393,
  "profit_margin": 0.23833999
}