{
  "roe": 0.60906,
  "debt_to_equity": 0.197,
  "eps_growth": 20.609,
  "pe_ratio": 27.606178,
  "fcf_yield": 0.029786745515226747,
  "revenue_growth": 3.569,
  "profit_margin": 0.47952
}