{
  "roe": 0.25424,
  "debt_to_equity": 6.547,
  "eps_growth": -0.177,
  "pe_ratio": 64.30843,
  "fcf_yield": 0.010856691100985149,
  "revenue_growth": -0.027,
  "profit_margin": 0.16923
}