{
  "roe": 0.16375999,
  "debt_to_equity": 0.26078,
  "eps_growth": 0.214,
  "pe_ratio": 135.25424,
  "fcf_yield": 0.00048216453115606996,
  "revenue_growth": 0.209,
  "profit_margin": 0.16519
}