{
  "roe": 0.03785,
  "debt_to_equity": 0.46978000000000003,
  "eps_growth": -0.407,
  "pe_ratio": 20.362192,
  "fcf_yield": 0.002594854329832886,
  "revenue_growth": -0.132,
  "profit_margin": 0.31725
}