{
  "roe": 0.02992,
  "debt_to_equity": 6.928,
  "eps_growth": 0.36,
  "pe_ratio": 81.84616,
  "fcf_yield": -0.007767416277946767,
  "revenue_growth": -0.067,
  "profit_margin": 0.04953
}