{
  "roe": 0.0713,
  "debt_to_equity": 0.7190099999999999,
  "eps_growth": -0.685,
  "pe_ratio": 7.6059327,
  "fcf_yield": 0.2150061596127866,
  "revenue_growth": -0.38,
  "profit_margin": 0.18375999
}