{
  "roe": 0.082229994,
  "debt_to_equity": 0.30996,
  "eps_growth": -0.697,
  "pe_ratio": 6.6824646,
  "fcf_yield": 0.06191220695996909,
  "revenue_growth": -0.213,
  "profit_margin": 0.13927001
}