{
  "roe": 0.032390002,
  "debt_to_equity": 0.2205,
  "eps_growth": -0.815,
  "pe_ratio": 10.633947,
  "fcf_yield": -0.019177066173566123,
  "revenue_growth": -0.151,
  "profit_margin": 0.06864
}