{
  "roe": 0.095699996,
  "debt_to_equity": 0.21738,
  "eps_growth": null,
  "pe_ratio": 27.211538,
  "fcf_yield": -0.059520424455741905,
  "revenue_growth": 1.104,
  "profit_margin": 0.28913
}