{
  "roe": 0.10853,
  "debt_to_equity": 0.22008,
  "eps_growth": -0.122,
  "pe_ratio": 7.276786,
  "fcf_yield": 0.005716504885772033,
  "revenue_growth": -0.093,
  "profit_margin": 0.22208
}