{
  "roe": 0.22436,
  "debt_to_equity": 0.8261,
  "eps_growth": 0.395,
  "pe_ratio": 7.333333,
  "fcf_yield": 0.14037762104743126,
  "revenue_growth": 0.101,
  "profit_margin": 0.12609
}