{
  "roe": 0.12322,
  "debt_to_equity": 0.75827,
  "eps_growth": 0.018,
  "pe_ratio": 12.365592,
  "fcf_yield": 0.10528027066546826,
  "revenue_growth": 0.24,
  "profit_margin": 0.124639995
}