{
  "roe": 0.03607,
  "debt_to_equity": 0.30157,
  "eps_growth": null,
  "pe_ratio": 14.6907215,
  "fcf_yield": 0.08807438055680673,
  "revenue_growth": -0.172,
  "profit_margin": 0.09887999
}