{
  "roe": 0.23857,
  "debt_to_equity": 2.46851,
  "eps_growth": 0.068,
  "pe_ratio": 19.488373,
  "fcf_yield": 0.09295911125052751,
  "revenue_growth": 0.046,
  "profit_margin": 0.03216
}