{
  "roe": 0.1144,
  "debt_to_equity": 0.084,
  "eps_growth": -0.034,
  "pe_ratio": 23.305355,
  "fcf_yield": 0.01926660055425467,
  "revenue_growth": 0.066,
  "profit_margin": 0.33738
}