{
  "roe": 0.61689,
  "debt_to_equity": 0.5309,
  "eps_growth": 1.458,
  "pe_ratio": 56.593975,
  "fcf_yield": 0.03527173219461786,
  "revenue_growth": 1.102,
  "profit_margin": 0.14448
}