{
  "roe": 0.25211,
  "debt_to_equity": 8.124,
  "eps_growth": 10.8,
  "pe_ratio": 20.643274,
  "fcf_yield": 0.015465194006838372,
  "revenue_growth": 0.404,
  "profit_margin": 0.31780002
}