{
  "roe": 0.20476,
  "debt_to_equity": 0.791,
  "eps_growth": -0.284,
  "pe_ratio": 18.3054,
  "fcf_yield": 0.02813581268438501,
  "revenue_growth": -0.147,
  "profit_margin": 0.15359999
}