{
  "roe": 0.039619997,
  "debt_to_equity": 2.369,
  "eps_growth": -0.699,
  "pe_ratio": 74.28571,
  "fcf_yield": 0.0388026340611429,
  "revenue_growth": -0.652,
  "profit_margin": 0.03723
}