{
  "roe": 0.16156,
  "debt_to_equity": 0.84919,
  "eps_growth": 1.113,
  "pe_ratio": 28.467506,
  "fcf_yield": 0.018234801473244747,
  "revenue_growth": 0.998,
  "profit_margin": 0.01253
}