{
  "roe": 0.110039994,
  "debt_to_equity": 0.49685,
  "eps_growth": 4.457,
  "pe_ratio": 248.85321,
  "fcf_yield": -0.00019719288658836146,
  "revenue_growth": 0.245,
  "profit_margin": 0.07793
}