{
  "roe": 0.1671,
  "debt_to_equity": 0.95966,
  "eps_growth": 0.123,
  "pe_ratio": 23.460722,
  "fcf_yield": 0.07685704203219264,
  "revenue_growth": 0.033,
  "profit_margin": 0.074499995
}