{
  "roe": -0.00077,
  "debt_to_equity": 0.54728,
  "eps_growth": -0.991,
  "pe_ratio": 13.364486,
  "fcf_yield": -0.25547197564073604,
  "revenue_growth": -0.915,
  "profit_margin": -0.00658
}