{
  "roe": 0.158,
  "debt_to_equity": 0.93164,
  "eps_growth": 0.628,
  "pe_ratio": 26.889633,
  "fcf_yield": 0.09159226228318906,
  "revenue_growth": 0.188,
  "profit_margin": 0.01687
}