{
  "roe": 0.2722,
  "debt_to_equity": 1.6738499999999998,
  "eps_growth": 0.597,
  "pe_ratio": 17.380953,
  "fcf_yield": -0.6071865594921745,
  "revenue_growth": 1.443,
  "profit_margin": 0.0117999995
}