{
  "roe": 0.14895001,
  "debt_to_equity": 0.17984999999999998,
  "eps_growth": 0.021,
  "pe_ratio": 17.92683,
  "fcf_yield": 0.06376828529493268,
  "revenue_growth": 0.154,
  "profit_margin": 0.14417
}