{
  "roe": 0.33163,
  "debt_to_equity": 2.032,
  "eps_growth": 0.716,
  "pe_ratio": 187.81094,
  "fcf_yield": -0.0014253618589102684,
  "revenue_growth": 0.63,
  "profit_margin": 0.1155
}