{
  "roe": 0.0059100003,
  "debt_to_equity": 0.24009,
  "eps_growth": 0.667,
  "pe_ratio": 1523.3334,
  "fcf_yield": 0.047083483966384454,
  "revenue_growth": 0.192,
  "profit_margin": 0.00386
}