{
  "roe": 0.19072,
  "debt_to_equity": 2.12,
  "eps_growth": 0.056,
  "pe_ratio": 37.687363,
  "fcf_yield": 0.0028302264942797997,
  "revenue_growth": 0.201,
  "profit_margin": 0.22596
}