{
  "roe": 0.30192,
  "debt_to_equity": 0.399,
  "eps_growth": -0.004,
  "pe_ratio": 101.40923,
  "fcf_yield": 0.006837919029095895,
  "revenue_growth": 0.116,
  "profit_margin": 0.25467
}