{
  "roe": 0.13121,
  "debt_to_equity": 0.757,
  "eps_growth": -0.026,
  "pe_ratio": 68.61875,
  "fcf_yield": -0.0021004767857265754,
  "revenue_growth": -0.601,
  "profit_margin": 0.22587
}