{
  "roe": 0.15878999,
  "debt_to_equity": 1.95766,
  "eps_growth": 1.885,
  "pe_ratio": 21.73524,
  "fcf_yield": -0.04521574345486669,
  "revenue_growth": 0.272,
  "profit_margin": 0.01289
}