{
  "roe": 0.13577,
  "debt_to_equity": 0.6716,
  "eps_growth": 0.876,
  "pe_ratio": 60.019646,
  "fcf_yield": -0.024665231280085183,
  "revenue_growth": 0.172,
  "profit_margin": 0.07043
}