{
  "roe": -0.054169998,
  "debt_to_equity": 0.56158,
  "eps_growth": 6.9298245614035086,
  "pe_ratio": 5.281065,
  "fcf_yield": -0.01678970703229201,
  "revenue_growth": 0.142,
  "profit_margin": -0.14321999
}