{
  "roe": -0.21172,
  "debt_to_equity": 1.76363,
  "eps_growth": null,
  "pe_ratio": null,
  "fcf_yield": -0.010396654672217228,
  "revenue_growth": 0.119,
  "profit_margin": -0.19283001
}