{
  "roe": 0.08728,
  "debt_to_equity": 0.002,
  "eps_growth": null,
  "pe_ratio": 145.43147,
  "fcf_yield": 0.003030377525777332,
  "revenue_growth": 0.25,
  "profit_margin": 0.17826
}