{
  "roe": -0.12877,
  "debt_to_equity": 0.5723400000000001,
  "eps_growth": -0.961,
  "pe_ratio": 84.23154,
  "fcf_yield": -0.002582311181674072,
  "revenue_growth": -0.045,
  "profit_margin": -0.06226
}