{
  "roe": 0.06523,
  "debt_to_equity": 0.30733,
  "eps_growth": -0.638,
  "pe_ratio": 15.243445,
  "fcf_yield": 0.08055120203261575,
  "revenue_growth": -0.104,
  "profit_margin": 0.01071
}