{
  "roe": 0.16830999,
  "debt_to_equity": 0.267,
  "eps_growth": 0.468,
  "pe_ratio": 21.369293,
  "fcf_yield": 0.03167851612290628,
  "revenue_growth": 0.394,
  "profit_margin": 0.42053002
}