{
  "roe": 0.84656996,
  "debt_to_equity": 5.199,
  "eps_growth": 0.597,
  "pe_ratio": 164.84987,
  "fcf_yield": 0.007082765322845991,
  "revenue_growth": 0.524,
  "profit_margin": 0.43823
}