{
  "roe": 0.090270005,
  "debt_to_equity": 0.44399,
  "eps_growth": -0.092,
  "pe_ratio": 39.192398,
  "fcf_yield": -0.20827692002905632,
  "revenue_growth": 0.049,
  "profit_margin": 0.1574
}