{
  "roe": 0.0771,
  "debt_to_equity": 0.51698,
  "eps_growth": 0.0,
  "pe_ratio": 22.810125,
  "fcf_yield": -0.25838120019293365,
  "revenue_growth": 0.466,
  "profit_margin": 0.02024
}