{
  "roe": 0.059759997,
  "debt_to_equity": 0.33677999999999997,
  "eps_growth": 0.071,
  "pe_ratio": 33.541664,
  "fcf_yield": 0.031377486793693156,
  "revenue_growth": 0.076,
  "profit_margin": 0.05954
}