{
  "roe": 0.07125,
  "debt_to_equity": 0.27813,
  "eps_growth": -0.067,
  "pe_ratio": 66.30435,
  "fcf_yield": -0.013484984518999286,
  "revenue_growth": 0.206,
  "profit_margin": 0.042930003
}