{
  "roe": 0.07806,
  "debt_to_equity": 9.64,
  "eps_growth": 1.121,
  "pe_ratio": 100.0,
  "fcf_yield": -0.0074227928231400415,
  "revenue_growth": 0.187,
  "profit_margin": 0.14751
}