{
  "roe": 0.083780006,
  "debt_to_equity": 0.7222700000000001,
  "eps_growth": 0.303,
  "pe_ratio": 56.638325,
  "fcf_yield": -0.08528532975152299,
  "revenue_growth": -0.103,
  "profit_margin": 0.13141
}