{
  "roe": 0.46382,
  "debt_to_equity": 0.76337,
  "eps_growth": 0.435,
  "pe_ratio": 19.898247,
  "fcf_yield": -0.02255947920003334,
  "revenue_growth": 0.62,
  "profit_margin": 0.052470002
}