{
  "roe": 0.081499994,
  "debt_to_equity": 0.36172,
  "eps_growth": 3.441596774193548,
  "pe_ratio": 19.157215,
  "fcf_yield": 0.007255152793477272,
  "revenue_growth": 0.221,
  "profit_margin": 0.1528
}