{
  "roe": 0.06628,
  "debt_to_equity": 2.52,
  "eps_growth": 5.344,
  "pe_ratio": 306.3123,
  "fcf_yield": 0.006668339270800997,
  "revenue_growth": 0.321,
  "profit_margin": 0.07106
}