{
  "roe": 0.18290001,
  "debt_to_equity": 0.35208,
  "eps_growth": 0.263,
  "pe_ratio": 25.909594,
  "fcf_yield": 0.02152710937167719,
  "revenue_growth": 0.071,
  "profit_margin": 0.30262
}