{
  "roe": 0.04975,
  "debt_to_equity": 1.81588,
  "eps_growth": -0.096,
  "pe_ratio": 141.47728,
  "fcf_yield": 0.029211687961718802,
  "revenue_growth": 0.147,
  "profit_margin": 0.00382
}