{
  "roe": 0.04975,
  "debt_to_equity": 1.81588,
  "eps_growth": -0.096,
  "pe_ratio": 135.79546,
  "fcf_yield": 0.03043393450228859,
  "revenue_growth": 0.147,
  "profit_margin": 0.00382
}