{
  "roe": 0.11383,
  "debt_to_equity": 0.18215,
  "eps_growth": 1.318,
  "pe_ratio": 22.874495,
  "fcf_yield": -0.005149109600209285,
  "revenue_growth": 0.099,
  "profit_margin": 0.1865
}