{
  "roe": 0.03325,
  "debt_to_equity": 0.64288,
  "eps_growth": 2.0,
  "pe_ratio": 77.44,
  "fcf_yield": -0.0034347462776289123,
  "revenue_growth": 0.254,
  "profit_margin": 0.032509997
}