{
  "roe": 0.37228,
  "debt_to_equity": 0.29934,
  "eps_growth": 11.602,
  "pe_ratio": 63.13004,
  "fcf_yield": -0.03580449455300901,
  "revenue_growth": 1.96,
  "profit_margin": 0.2282
}