{
  "roe": 0.085889995,
  "debt_to_equity": 0.39135,
  "eps_growth": 17.92,
  "pe_ratio": 6.4828434,
  "fcf_yield": 0.07290414188160599,
  "revenue_growth": -0.059,
  "profit_margin": 0.05726
}