{
  "roe": 0.08520954489491701,
  "debt_to_equity": 1.0864936172267337,
  "eps_growth": -0.10146752968937468,
  "pe_ratio": 5.197921732662032,
  "fcf_yield": -0.007548365370415463,
  "revenue_growth": -0.03719040118525388,
  "profit_margin": 0.05837940859329196
}