{
  "roe": 0.08520954489491701,
  "debt_to_equity": 1.0864936172267337,
  "eps_growth": 0.178985329219286,
  "pe_ratio": 5.420372128541893,
  "fcf_yield": -0.0072385827899809985,
  "revenue_growth": -0.2006895540832714,
  "profit_margin": 0.05837940859329196
}