{
  "roe": 0.015092842620889233,
  "debt_to_equity": 0.029164798718545833,
  "eps_growth": 2.477589707517477,
  "pe_ratio": null,
  "fcf_yield": null,
  "revenue_growth": -0.016375554921958184,
  "profit_margin": 0.020236401217195228
}