{
  "roe": 0.058310069444301886,
  "debt_to_equity": 0.274200221131151,
  "eps_growth": -0.5665882324418365,
  "pe_ratio": 18.977740992216404,
  "fcf_yield": -0.10089482315341665,
  "revenue_growth": 2.5662213189421217,
  "profit_margin": 0.5305958916502955
}