{
  "roe": -1.2774890942288313,
  "debt_to_equity": 0.1985251611678072,
  "eps_growth": -1.5138233364668172,
  "pe_ratio": null,
  "fcf_yield": null,
  "revenue_growth": -0.7510822165414625,
  "profit_margin": -3.4747773837488243
}