{
  "roe": 0.24017867348008604,
  "debt_to_equity": 0.45491714462046334,
  "eps_growth": -0.3395292350958315,
  "pe_ratio": null,
  "fcf_yield": null,
  "revenue_growth": 0.18379454869318884,
  "profit_margin": 0.21631967024276072
}