{
  "roe": 0.16472554641747006,
  "debt_to_equity": 9.439389962144404,
  "eps_growth": -0.11488480502274152,
  "pe_ratio": 7.436502633693456,
  "fcf_yield": 0.08397226871266647,
  "revenue_growth": null,
  "profit_margin": null
}