{
  "roe": 0.16472554641747006,
  "debt_to_equity": 9.439389962144404,
  "eps_growth": -0.03316527137195402,
  "pe_ratio": 8.368039259575058,
  "fcf_yield": 0.07462441057795298,
  "revenue_growth": null,
  "profit_margin": null
}