{
  "roe": 0.16472554641747006,
  "debt_to_equity": 9.439389962144404,
  "eps_growth": -0.03316527137195402,
  "pe_ratio": 7.957216237473812,
  "fcf_yield": 0.07847719338053415,
  "revenue_growth": null,
  "profit_margin": null
}