{
  "roe": 0.03549997095568194,
  "debt_to_equity": 1.0333610352225413,
  "eps_growth": -0.22189867552763357,
  "pe_ratio": null,
  "fcf_yield": null,
  "revenue_growth": 0.05367527913368573,
  "profit_margin": 0.06264336672910416
}