{
  "roe": 0.11319440539761456,
  "debt_to_equity": 0.4749931838249964,
  "eps_growth": -0.05977180316082189,
  "pe_ratio": 9.39210263782282,
  "fcf_yield": -0.1473319001751111,
  "revenue_growth": 0.0819534520041973,
  "profit_margin": 0.10775889637754733
}