{
  "roe": 0.0430429637963755,
  "debt_to_equity": 0.9421867656533247,
  "eps_growth": 0.23677735889873328,
  "pe_ratio": null,
  "fcf_yield": null,
  "revenue_growth": -0.23844067557758616,
  "profit_margin": 0.016588469812237078
}