{
  "roe": 0.13528358918131747,
  "debt_to_equity": 0.9840135796064164,
  "eps_growth": -0.488199118303273,
  "pe_ratio": null,
  "fcf_yield": null,
  "revenue_growth": -0.28460605681868884,
  "profit_margin": 0.03175657847411205
}