{
  "roe": 0.06452998244659686,
  "debt_to_equity": 0.28543405128773336,
  "eps_growth": -0.9434329395023137,
  "pe_ratio": 6.685578534908517,
  "fcf_yield": -0.49117629934842416,
  "revenue_growth": -0.0579371198782739,
  "profit_margin": 0.05108245857164217
}