{
  "roe": 0.25028209968124615,
  "debt_to_equity": 0.2210503874501125,
  "eps_growth": -0.42890515559058184,
  "pe_ratio": 7.345457631923548,
  "fcf_yield": 0.14193016792821006,
  "revenue_growth": -0.37103514983060915,
  "profit_margin": 0.11607524376298765
}