{
  "roe": 0.09796144806180664,
  "debt_to_equity": 1.3600380799514906,
  "eps_growth": 1.058306613226103,
  "pe_ratio": 6.490272579752358,
  "fcf_yield": 0.045249168016873204,
  "revenue_growth": 0.04360858825772487,
  "profit_margin": 0.054701847489474965
}