{
  "roe": 0.11251424140231366,
  "debt_to_equity": 2.055447995299576,
  "eps_growth": 1.0574446776405668,
  "pe_ratio": 5.997918390604318,
  "fcf_yield": -0.7035690343581474,
  "revenue_growth": 0.45078161870342515,
  "profit_margin": 0.017903736743031567
}