{
  "roe": 0.10670609325785124,
  "debt_to_equity": 0.5331204257445492,
  "eps_growth": 2.2093634523011336,
  "pe_ratio": 5.127613063581995,
  "fcf_yield": -0.09321301246349434,
  "revenue_growth": -0.6020907635288941,
  "profit_margin": 0.5330905418304736
}