{
  "roe": 0.05833593013312159,
  "debt_to_equity": 0.9833439163813805,
  "eps_growth": 0.7312933075202253,
  "pe_ratio": 22.32581722491533,
  "fcf_yield": -0.6107136773041074,
  "revenue_growth": 0.19013039931949507,
  "profit_margin": 0.2920029800131786
}