{
  "roe": 0.05833593013312159,
  "debt_to_equity": 0.9833439163813805,
  "eps_growth": 2.702149551098001,
  "pe_ratio": 21.80313771573677,
  "fcf_yield": -0.6253541171006028,
  "revenue_growth": 0.4832935847741095,
  "profit_margin": 0.2920029800131786
}