{
  "roe": 0.06544908951002927,
  "debt_to_equity": 0.6416326394534417,
  "eps_growth": 1.245181150705172,
  "pe_ratio": null,
  "fcf_yield": null,
  "revenue_growth": -0.08189328961259304,
  "profit_margin": 0.03338190195386476
}