{
  "roe": 0.13535081742896096,
  "debt_to_equity": 0.9559119614299908,
  "eps_growth": 0.6307127805761371,
  "pe_ratio": null,
  "fcf_yield": null,
  "revenue_growth": 0.2582276603157592,
  "profit_margin": 0.042962020680492576
}