{
  "roe": -0.037251522797101685,
  "debt_to_equity": 0.20542047545693304,
  "eps_growth": 0.5682319548238662,
  "pe_ratio": null,
  "fcf_yield": null,
  "revenue_growth": -0.7960410562649732,
  "profit_margin": -0.6128140640437488
}