{
  "roe": 0.24036441401326722,
  "debt_to_equity": 1.9745101048004983,
  "eps_growth": 0.3834128228427028,
  "pe_ratio": 5.923701668753073,
  "fcf_yield": 0.2928100542439478,
  "revenue_growth": 0.08786352833385937,
  "profit_margin": 0.06911424163670046
}