{
  "roe": 0.28553324385261003,
  "debt_to_equity": 0.6295742557096403,
  "eps_growth": 86.41388524580837,
  "pe_ratio": 5.260884836704903,
  "fcf_yield": 0.08138952557086468,
  "revenue_growth": 0.5428827462609064,
  "profit_margin": 0.13827017810862083
}