{
  "roe": 0.0013113032562035673,
  "debt_to_equity": 1.2867306090967692,
  "eps_growth": -0.8509106064916035,
  "pe_ratio": null,
  "fcf_yield": null,
  "revenue_growth": 0.3066325821355634,
  "profit_margin": 0.007695819499491297
}