{
  "roe": 0.08554072213961053,
  "debt_to_equity": 1.1394149054860097,
  "eps_growth": 0.1056726400750381,
  "pe_ratio": 2.6161572755725313,
  "fcf_yield": -0.00991232825652222,
  "revenue_growth": -0.3158898165523387,
  "profit_margin": 0.0557814610458162
}