{
  "roe": -0.012546518902641413,
  "debt_to_equity": 1.440113153719996,
  "eps_growth": -1.0579526728562456,
  "pe_ratio": null,
  "fcf_yield": null,
  "revenue_growth": -0.9694531297847264,
  "profit_margin": -0.05460898337227709
}