{
  "roe": -0.04928515316733253,
  "debt_to_equity": 0.007416015777092529,
  "eps_growth": -2.1036547038772686,
  "pe_ratio": null,
  "fcf_yield": null,
  "revenue_growth": -0.9006302712781613,
  "profit_margin": -0.21123599200564702
}