{
  "roe": 0.15372200645511175,
  "debt_to_equity": 6.671708535398701,
  "eps_growth": 0.7341563526391346,
  "pe_ratio": null,
  "fcf_yield": null,
  "revenue_growth": 0.5982886696220663,
  "profit_margin": 0.020313454625617136
}