{
  "roe": 0.07370592982780937,
  "debt_to_equity": 0.7014769133571005,
  "eps_growth": 1.3956428558285623,
  "pe_ratio": null,
  "fcf_yield": null,
  "revenue_growth": 0.44672812792562167,
  "profit_margin": 0.06356752394173283
}