{
  "roe": 0.02634788177412974,
  "debt_to_equity": 1.8982869574497343,
  "eps_growth": 1.8936838532228477,
  "pe_ratio": 10.914010866976291,
  "fcf_yield": -0.2571937064344611,
  "revenue_growth": -0.2637412708883909,
  "profit_margin": 0.019780290149735737
}