{
  "roe": 0.02634788177412974,
  "debt_to_equity": 1.8982869574497343,
  "eps_growth": 0.13358851410808528,
  "pe_ratio": 10.783860912287654,
  "fcf_yield": -0.2602977662429946,
  "revenue_growth": -0.2691446653515623,
  "profit_margin": 0.019780290149735737
}