{
  "roe": 0.15126484761085188,
  "debt_to_equity": 2.70604506017421,
  "eps_growth": 3.363932401917371,
  "pe_ratio": null,
  "fcf_yield": null,
  "revenue_growth": -0.0007765823357725387,
  "profit_margin": 0.01724802630880597
}