{
  "roe": 0.46709389978068017,
  "debt_to_equity": 0.3140808822053473,
  "eps_growth": 1.9991993050275112,
  "pe_ratio": 8.387187937156385,
  "fcf_yield": 0.06462731625953318,
  "revenue_growth": 0.7946051753669613,
  "profit_margin": 0.20069693430868948
}