{
  "roe": 0.015076694955342166,
  "debt_to_equity": 0.15059100363844827,
  "eps_growth": 3.076567311629969,
  "pe_ratio": null,
  "fcf_yield": null,
  "revenue_growth": 0.08983017408866464,
  "profit_margin": 0.013193948588504423
}