{
  "roe": 0.08791884820985846,
  "debt_to_equity": 13.223800686434757,
  "eps_growth": 0.8431154569017406,
  "pe_ratio": null,
  "fcf_yield": null,
  "revenue_growth": null,
  "profit_margin": null
}