{
  "roe": 0.046784017082477654,
  "debt_to_equity": 1.8506208767687455,
  "eps_growth": 4.735022048665939,
  "pe_ratio": 52.652907803563906,
  "fcf_yield": -0.4203751606101907,
  "revenue_growth": 0.333815217628209,
  "profit_margin": 0.03519500412194336
}