{
  "roe": 0.16838278808588808,
  "debt_to_equity": 2.1961494059316617,
  "eps_growth": -0.03576414767353199,
  "pe_ratio": null,
  "fcf_yield": null,
  "revenue_growth": 0.6620714397532982,
  "profit_margin": 0.3162300520023643
}