{
  "roe": 0.06496071519135405,
  "debt_to_equity": 1.4826106175623728,
  "eps_growth": -0.6558447905698921,
  "pe_ratio": null,
  "fcf_yield": null,
  "revenue_growth": 0.3226150869764036,
  "profit_margin": 0.01523587799353555
}