{
  "roe": 0.041479583966646465,
  "debt_to_equity": 1.0016418556795892,
  "eps_growth": -1.4275990176186055,
  "pe_ratio": null,
  "fcf_yield": null,
  "revenue_growth": -0.14236942660954266,
  "profit_margin": 0.019546810735882467
}