{
  "roe": 0.18829041238341704,
  "debt_to_equity": 5.542582097089927,
  "eps_growth": -0.8077375458969703,
  "pe_ratio": null,
  "fcf_yield": null,
  "revenue_growth": 2.804603408730963,
  "profit_margin": 0.09160335317642346
}