{
  "roe": 0.2551885103525162,
  "debt_to_equity": 0.5770992154582567,
  "eps_growth": -0.2914758290997234,
  "pe_ratio": null,
  "fcf_yield": null,
  "revenue_growth": -0.0740694983060318,
  "profit_margin": 0.14655276074594425
}