{
  "roe": 0.03948837020901243,
  "debt_to_equity": 1.174606024124743,
  "eps_growth": 9.963057288759993,
  "pe_ratio": 2.636053877873517,
  "fcf_yield": -0.9400878078892352,
  "revenue_growth": 0.6166884555789696,
  "profit_margin": 0.193235472628911
}