{
  "roe": 0.1529900284572187,
  "debt_to_equity": 1.7275749518363575,
  "eps_growth": 0.004585191053738355,
  "pe_ratio": 16.041654460612865,
  "fcf_yield": -0.009805554381932658,
  "revenue_growth": -0.04416692448220585,
  "profit_margin": 0.5534639682943814
}