{
  "roe": 0.1529900284572187,
  "debt_to_equity": 1.7275749518363575,
  "eps_growth": -0.8052474644163394,
  "pe_ratio": 16.041654460612865,
  "fcf_yield": -0.009805554381932658,
  "revenue_growth": -0.6194511453934081,
  "profit_margin": 0.5534639682943814
}