{
  "roe": 0.1192355309900546,
  "debt_to_equity": 0.27455521248296494,
  "eps_growth": -0.8929290653605294,
  "pe_ratio": null,
  "fcf_yield": null,
  "revenue_growth": -0.7145249372455713,
  "profit_margin": 0.0682840007439204
}