{
  "roe": 0.24169472838114558,
  "debt_to_equity": 1.4738518813097843,
  "eps_growth": -0.25267750581690374,
  "pe_ratio": 7.554493988872099,
  "fcf_yield": -0.09909060594776953,
  "revenue_growth": 0.1472689086815626,
  "profit_margin": 0.0378117401499341
}