{
  "roe": 0.09935395687503985,
  "debt_to_equity": 0.31866546376338484,
  "eps_growth": -0.5850840221004465,
  "pe_ratio": 12.56441925254768,
  "fcf_yield": 0.09664286373959478,
  "revenue_growth": -0.16305113008946473,
  "profit_margin": 0.06039435129157319
}