{
  "roe": 0.13944747461798904,
  "debt_to_equity": 1.9085953914396478,
  "eps_growth": -0.4609960464919288,
  "pe_ratio": 10.298997737208529,
  "fcf_yield": 0.07514976062338441,
  "revenue_growth": null,
  "profit_margin": null
}