{
  "roe": 0.16447981451991459,
  "debt_to_equity": 16.774448377626307,
  "eps_growth": -0.0028113183942389502,
  "pe_ratio": 9.984249527524536,
  "fcf_yield": 0.5002593878506592,
  "revenue_growth": null,
  "profit_margin": null
}