{
  "roe": 0.16447981451991459,
  "debt_to_equity": 16.774448377626307,
  "eps_growth": 0.053709547041444546,
  "pe_ratio": 9.972640086868578,
  "fcf_yield": 0.5008417543679754,
  "revenue_growth": null,
  "profit_margin": null
}