{
  "roe": 0.22181752532043764,
  "debt_to_equity": 0.6610369095363031,
  "eps_growth": 4.212056531448966,
  "pe_ratio": null,
  "fcf_yield": null,
  "revenue_growth": -0.2712506577975941,
  "profit_margin": 0.1799716256163717
}