{
  "roe": 0.012148658701815846,
  "debt_to_equity": 0.06593731264221586,
  "eps_growth": -0.6153033506678391,
  "pe_ratio": null,
  "fcf_yield": null,
  "revenue_growth": -0.4718562329789062,
  "profit_margin": 0.039313464308681205
}