{
  "roe": 0.05275560511648342,
  "debt_to_equity": 0.06858974119525188,
  "eps_growth": -0.7803918085947066,
  "pe_ratio": null,
  "fcf_yield": null,
  "revenue_growth": -0.5040661933053094,
  "profit_margin": 0.09176063598242144
}