{
  "roe": 0.39158080714448706,
  "debt_to_equity": 0.19931967828992908,
  "eps_growth": 0.0843935104960738,
  "pe_ratio": 9.330898469307526,
  "fcf_yield": 0.08204013335017911,
  "revenue_growth": 0.26371097273760663,
  "profit_margin": 0.2231066880141481
}