{
  "roe": 0.39158080714448706,
  "debt_to_equity": 0.19931967828992908,
  "eps_growth": -0.07864274576641977,
  "pe_ratio": 9.160051486590422,
  "fcf_yield": 0.0835702895141598,
  "revenue_growth": 0.11404177020374628,
  "profit_margin": 0.2231066880141481
}