{
  "roe": 0.0962914070030546,
  "debt_to_equity": 1.9275605612000548,
  "eps_growth": -0.8255713927597224,
  "pe_ratio": null,
  "fcf_yield": null,
  "revenue_growth": -0.42657558294768705,
  "profit_margin": 0.03215570434445629
}