{
  "roe": 0.018157285331185814,
  "debt_to_equity": 0.9992613350619776,
  "eps_growth": -0.4357729620502514,
  "pe_ratio": null,
  "fcf_yield": null,
  "revenue_growth": -0.1726149251968516,
  "profit_margin": 0.006320573438967587
}