{
  "roe": 0.09820923772572411,
  "debt_to_equity": 0.31203065891847015,
  "eps_growth": -0.16607444888394213,
  "pe_ratio": null,
  "fcf_yield": null,
  "revenue_growth": -0.07960952323301869,
  "profit_margin": 0.04890962706551785
}