{
  "roe": 0.08926615905022066,
  "debt_to_equity": 2.233827768087684,
  "eps_growth": -0.12836988344813502,
  "pe_ratio": 17.153143550506925,
  "fcf_yield": -0.5823737450277225,
  "revenue_growth": 0.3765756291566623,
  "profit_margin": 0.20404564183258642
}