{
  "roe": 0.08926615905022066,
  "debt_to_equity": 2.233827768087684,
  "eps_growth": -0.22617803446050455,
  "pe_ratio": 16.272240391466944,
  "fcf_yield": -0.6139007418883323,
  "revenue_growth": 0.6436180271526961,
  "profit_margin": 0.20404564183258642
}