{
  "roe": 0.19021936668367423,
  "debt_to_equity": 0.5526063863606033,
  "eps_growth": 9.755312159008367,
  "pe_ratio": 10.735649626479855,
  "fcf_yield": 0.03486701333842275,
  "revenue_growth": 0.8801306687543499,
  "profit_margin": 0.08407729040752915
}