{
  "roe": 0.19021936668367423,
  "debt_to_equity": 0.5526063863606033,
  "eps_growth": 8.76218736413617,
  "pe_ratio": 10.793059202082377,
  "fcf_yield": 0.034681551515152106,
  "revenue_growth": 0.248765216454571,
  "profit_margin": 0.08407729040752915
}