{
  "roe": 0.0523558834820358,
  "debt_to_equity": 0.10745682411344037,
  "eps_growth": 3.794220277572878,
  "pe_ratio": 8.719016037633308,
  "fcf_yield": 0.13687477275535442,
  "revenue_growth": -0.6455484937961623,
  "profit_margin": 0.22104088578772427
}