{
  "roe": 0.057379429143322024,
  "debt_to_equity": 1.9322459078066336,
  "eps_growth": 1.0757743066799765,
  "pe_ratio": null,
  "fcf_yield": null,
  "revenue_growth": -0.1209201479328724,
  "profit_margin": 0.023833789890115177
}