{
  "roe": 0.26410826518679104,
  "debt_to_equity": 0.2573119385390615,
  "eps_growth": 5.614892586685612,
  "pe_ratio": null,
  "fcf_yield": null,
  "revenue_growth": -0.12283578223015136,
  "profit_margin": 0.5203235637660775
}