{
  "roe": 0.15591137184797596,
  "debt_to_equity": 0.2519546425997259,
  "eps_growth": -0.18831473759912867,
  "pe_ratio": null,
  "fcf_yield": null,
  "revenue_growth": -0.030625098155257314,
  "profit_margin": 0.07965559485004747
}