{
  "roe": 0.11524042752544891,
  "debt_to_equity": 10.693340160935179,
  "eps_growth": 0.19238476517426767,
  "pe_ratio": 17.17183683436839,
  "fcf_yield": 0.0376729365614392,
  "revenue_growth": null,
  "profit_margin": null
}