{
  "roe": 0.11524042752544891,
  "debt_to_equity": 10.693340160935179,
  "eps_growth": 0.8469519954484539,
  "pe_ratio": 16.436950272141903,
  "fcf_yield": 0.039357271817081776,
  "revenue_growth": null,
  "profit_margin": null
}