{
  "roe": 0.07646680744583954,
  "debt_to_equity": 1.6188556346238132,
  "eps_growth": -0.5577828235340135,
  "pe_ratio": null,
  "fcf_yield": null,
  "revenue_growth": -0.10791253003560985,
  "profit_margin": 0.16955945687744187
}