{
  "roe": 0.16584979978317857,
  "debt_to_equity": 1.321982107292397,
  "eps_growth": -0.30559810359970746,
  "pe_ratio": 8.997401131593668,
  "fcf_yield": -0.0349812316705379,
  "revenue_growth": -0.21914673743332444,
  "profit_margin": 0.23111065630271474
}