{
  "roe": 0.16584979978317857,
  "debt_to_equity": 1.321982107292397,
  "eps_growth": 0.5129177689813244,
  "pe_ratio": 9.048522656918886,
  "fcf_yield": -0.03478359787013124,
  "revenue_growth": 0.0004329003300633153,
  "profit_margin": 0.23111065630271474
}