{
  "roe": 0.01781169817736934,
  "debt_to_equity": 0.5368121832366934,
  "eps_growth": 0.23662451494139553,
  "pe_ratio": null,
  "fcf_yield": null,
  "revenue_growth": 0.6039263409913641,
  "profit_margin": 0.0034151250696614495
}