{
  "roe": 0.06082006201725793,
  "debt_to_equity": 0.38091717160985644,
  "eps_growth": 0.7845717896321591,
  "pe_ratio": null,
  "fcf_yield": null,
  "revenue_growth": -0.481842175074115,
  "profit_margin": 0.061651254951430014
}