{
  "roe": 0.11660217022813622,
  "debt_to_equity": 2.424497901990477,
  "eps_growth": 11.268781525549135,
  "pe_ratio": null,
  "fcf_yield": null,
  "revenue_growth": 1.935807792464131,
  "profit_margin": 0.0352136180486723
}