{
  "roe": 0.060571480623683754,
  "debt_to_equity": 0.7411349660361474,
  "eps_growth": 0.8174662243144221,
  "pe_ratio": null,
  "fcf_yield": null,
  "revenue_growth": 0.08998910944035324,
  "profit_margin": 0.05747078062193229
}