{
  "roe": 0.019005802146006247,
  "debt_to_equity": 0.023223657770624868,
  "eps_growth": -0.8831449826624869,
  "pe_ratio": null,
  "fcf_yield": null,
  "revenue_growth": 0.04738941723569276,
  "profit_margin": 0.055700823770135036
}