{
  "roe": -0.012132762487410092,
  "debt_to_equity": 1.1161538029169333,
  "eps_growth": -0.9807453092478253,
  "pe_ratio": null,
  "fcf_yield": null,
  "revenue_growth": -0.3372638625069436,
  "profit_margin": -0.002776269636913327
}