{
  "roe": 0.34518197476766505,
  "debt_to_equity": 0.46764865072867384,
  "eps_growth": 5.533498250103754,
  "pe_ratio": null,
  "fcf_yield": null,
  "revenue_growth": 1.7362376812070586,
  "profit_margin": 0.1158476539180607
}