{
  "roe": -0.005342232976930426,
  "debt_to_equity": 0.1519111275654842,
  "eps_growth": -3.031127018718619,
  "pe_ratio": null,
  "fcf_yield": null,
  "revenue_growth": -0.5875436258768456,
  "profit_margin": -0.007311594301136725
}