{
  "roe": 0.06729426645553103,
  "debt_to_equity": 3.1837209215499165,
  "eps_growth": 0.24465884528728393,
  "pe_ratio": 7.275734814790417,
  "fcf_yield": -0.8936500253129097,
  "revenue_growth": 0.6289312617563293,
  "profit_margin": 0.015497739139990105
}