{
  "roe": 0.16259257183094789,
  "debt_to_equity": 2.6410971162990498,
  "eps_growth": 0.02390366027778209,
  "pe_ratio": null,
  "fcf_yield": null,
  "revenue_growth": -0.08929278591045336,
  "profit_margin": 0.1262897529960345
}