{
  "roe": 0.03117933701748297,
  "debt_to_equity": 0.6687635126751966,
  "eps_growth": -0.33565530187433024,
  "pe_ratio": null,
  "fcf_yield": null,
  "revenue_growth": -0.2189822705341811,
  "profit_margin": 0.07347923097968517
}