{
  "roe": 0.11405593182951061,
  "debt_to_equity": 0.20933592693350073,
  "eps_growth": 1.2820240072705413,
  "pe_ratio": null,
  "fcf_yield": null,
  "revenue_growth": 0.9459082250302366,
  "profit_margin": 0.11290935988017332
}