{
  "roe": 0.01822311497650673,
  "debt_to_equity": 2.7765413509660806,
  "eps_growth": -0.8028786667972654,
  "pe_ratio": null,
  "fcf_yield": null,
  "revenue_growth": -0.22358514372814917,
  "profit_margin": 0.012271052009297716
}