{
  "roe": 0.18297352406522857,
  "debt_to_equity": 0.3045310214580853,
  "eps_growth": 0.7829677166274407,
  "pe_ratio": null,
  "fcf_yield": null,
  "revenue_growth": 0.43218740205944844,
  "profit_margin": 0.23145097820680663
}