{
  "roe": 0.03730567802749632,
  "debt_to_equity": 0.35838728962855615,
  "eps_growth": 4.23755006277874,
  "pe_ratio": null,
  "fcf_yield": null,
  "revenue_growth": 0.10509636639792747,
  "profit_margin": 0.16880106829687413
}