{
  "roe": 0.2102920073414834,
  "debt_to_equity": 0.22309049696415162,
  "eps_growth": 1.252002239742,
  "pe_ratio": 10.13675576518351,
  "fcf_yield": 0.13072737752587332,
  "revenue_growth": 0.3391877637273217,
  "profit_margin": 0.4456541864662596
}