{
  "roe": 0.0658012037701625,
  "debt_to_equity": 0.06682248525453331,
  "eps_growth": 0.8666368649102388,
  "pe_ratio": null,
  "fcf_yield": null,
  "revenue_growth": 0.6307395817563594,
  "profit_margin": 0.12528892213801746
}