{
  "roe": 0.23838226041917232,
  "debt_to_equity": 5.199027949023643,
  "eps_growth": -1.038543532871231,
  "pe_ratio": null,
  "fcf_yield": null,
  "revenue_growth": -0.6636181279202771,
  "profit_margin": 0.25889536067079066
}