{
  "roe": 0.025022803043790447,
  "debt_to_equity": 2.027805020183805,
  "eps_growth": -0.544274883553361,
  "pe_ratio": 38.4576395976978,
  "fcf_yield": -0.10708053986110205,
  "revenue_growth": 0.13994427690754296,
  "profit_margin": 0.10095628344357835
}