{
  "roe": 0.025022803043790447,
  "debt_to_equity": 2.027805020183805,
  "eps_growth": -0.6385780311040855,
  "pe_ratio": 37.59825111571038,
  "fcf_yield": -0.10952809473056704,
  "revenue_growth": 0.1918662705821265,
  "profit_margin": 0.10095628344357835
}