{
  "roe": 0.05283394676867591,
  "debt_to_equity": 1.684662197505722,
  "eps_growth": -0.6817036206714331,
  "pe_ratio": null,
  "fcf_yield": null,
  "revenue_growth": -0.8479903057122842,
  "profit_margin": 0.018249932023874545
}