{
  "roe": 0.040161128247606946,
  "debt_to_equity": 1.4191546721481636,
  "eps_growth": -0.8056789920860682,
  "pe_ratio": null,
  "fcf_yield": null,
  "revenue_growth": -0.6915683414647429,
  "profit_margin": 0.10229012514558546
}