{
  "roe": 0.04601240534391502,
  "debt_to_equity": 1.1374515978786415,
  "eps_growth": 0.30564026094489527,
  "pe_ratio": null,
  "fcf_yield": null,
  "revenue_growth": -0.7771311102065493,
  "profit_margin": 0.017943938393279346
}