{
  "roe": 0.18434733484018875,
  "debt_to_equity": 1.084997309826552,
  "eps_growth": 0.018543108278106343,
  "pe_ratio": null,
  "fcf_yield": null,
  "revenue_growth": 0.12072146651892733,
  "profit_margin": 0.04192475861397646
}