{
  "roe": 0.2031682093623917,
  "debt_to_equity": 0.5597426691109155,
  "eps_growth": -0.8061620099050435,
  "pe_ratio": null,
  "fcf_yield": null,
  "revenue_growth": 0.10120610022820159,
  "profit_margin": 0.05654269256776988
}