{
  "roe": 0.16101274244718203,
  "debt_to_equity": 0.10540331271230059,
  "eps_growth": 0.4633009882758548,
  "pe_ratio": null,
  "fcf_yield": null,
  "revenue_growth": 0.12428543308776868,
  "profit_margin": 0.2562737207063786
}