{
  "roe": 0.0964731914062992,
  "debt_to_equity": 1.9148155198287033,
  "eps_growth": -0.47975883345578635,
  "pe_ratio": null,
  "fcf_yield": null,
  "revenue_growth": -0.12232911830514252,
  "profit_margin": 0.005198637739673386
}