{
  "roe": 0.21054644334094996,
  "debt_to_equity": 0.9020204262921173,
  "eps_growth": -0.07709101610591945,
  "pe_ratio": null,
  "fcf_yield": null,
  "revenue_growth": -0.09566282365978128,
  "profit_margin": 0.046003266688428426
}