{
  "roe": 0.12166695373634019,
  "debt_to_equity": 1.226172663165026,
  "eps_growth": -0.9283414674763559,
  "pe_ratio": null,
  "fcf_yield": null,
  "revenue_growth": 0.44140282692351307,
  "profit_margin": 0.06740381591065922
}