{
  "roe": 0.12370742815369652,
  "debt_to_equity": 1.559626460185962,
  "eps_growth": -0.07272418493433183,
  "pe_ratio": 12.727992900032282,
  "fcf_yield": -0.05917087260575637,
  "revenue_growth": 0.0712049965308857,
  "profit_margin": 0.05300232506534278
}