{
  "roe": 0.12370742815369652,
  "debt_to_equity": 1.559626460185962,
  "eps_growth": 0.11222594061640997,
  "pe_ratio": 12.567170238014327,
  "fcf_yield": -0.059928085014449455,
  "revenue_growth": 0.3200688718769951,
  "profit_margin": 0.05300232506534278
}