{
  "roe": 0.09042231588487473,
  "debt_to_equity": 1.0370605242106499,
  "eps_growth": 0.05513720959391238,
  "pe_ratio": null,
  "fcf_yield": null,
  "revenue_growth": 0.7297405164773306,
  "profit_margin": 0.07964023052161227
}