{
  "roe": 0.08406745309536609,
  "debt_to_equity": 0.8686438250393529,
  "eps_growth": 0.9303785268664987,
  "pe_ratio": null,
  "fcf_yield": null,
  "revenue_growth": 0.08844617860908678,
  "profit_margin": 0.004658956852109949
}