{
  "roe": 0.05425091133022284,
  "debt_to_equity": 1.7069620590437917,
  "eps_growth": 8.455369583380872,
  "pe_ratio": null,
  "fcf_yield": null,
  "revenue_growth": 0.27720971204929296,
  "profit_margin": 0.02953651984844128
}