{
  "roe": 0.11211142290027215,
  "debt_to_equity": 1.386167651443711,
  "eps_growth": -0.9017306003428137,
  "pe_ratio": null,
  "fcf_yield": null,
  "revenue_growth": 0.4180682423751466,
  "profit_margin": 0.01426585078220836
}