{
  "roe": 0.07352744794336953,
  "debt_to_equity": 0.351693439579987,
  "eps_growth": -0.07998782185613622,
  "pe_ratio": null,
  "fcf_yield": null,
  "revenue_growth": -0.05473276675079578,
  "profit_margin": 0.008176311064491092
}