{
  "roe": 0.10732418698029124,
  "debt_to_equity": 0.38041549926873003,
  "eps_growth": -0.8771090785195303,
  "pe_ratio": null,
  "fcf_yield": null,
  "revenue_growth": -0.6834120054221772,
  "profit_margin": 0.05140818852632891
}