{
  "roe": 0.04945029218891277,
  "debt_to_equity": 0.3961574934039528,
  "eps_growth": -0.5944256990221358,
  "pe_ratio": null,
  "fcf_yield": null,
  "revenue_growth": 0.2404541421784648,
  "profit_margin": 0.09992376781408813
}