{
  "roe": 0.015012524769583792,
  "debt_to_equity": 0.265842319697017,
  "eps_growth": 1.0425395051788273,
  "pe_ratio": 40.65814104401197,
  "fcf_yield": -0.0029176909398914677,
  "revenue_growth": 0.35113216960867283,
  "profit_margin": 0.05418875523369386
}