{
  "roe": 0.010064564909845556,
  "debt_to_equity": 0.5816882292709724,
  "eps_growth": -0.888020394215233,
  "pe_ratio": 250.53314946850767,
  "fcf_yield": 0.062025130232764104,
  "revenue_growth": -0.9002778333531511,
  "profit_margin": 0.2300064985211276
}