{
  "roe": 0.03535129375101305,
  "debt_to_equity": 1.658966827345349,
  "eps_growth": 0.2319129595624497,
  "pe_ratio": 26.357010324137832,
  "fcf_yield": -0.13258645070737296,
  "revenue_growth": -0.12633682368324217,
  "profit_margin": 0.011626791462819384
}