{
  "roe": 0.07799707348548429,
  "debt_to_equity": 1.8348696947027527,
  "eps_growth": -0.8706623292983999,
  "pe_ratio": null,
  "fcf_yield": null,
  "revenue_growth": -0.11691229479542169,
  "profit_margin": 0.009542165297133028
}