{
  "roe": 0.13107686475897243,
  "debt_to_equity": 0.27131566226257514,
  "eps_growth": -0.4110390571683402,
  "pe_ratio": 12.543318716341828,
  "fcf_yield": -0.04682493028752019,
  "revenue_growth": 0.3076074424343117,
  "profit_margin": 0.09474266979341671
}