{
  "roe": 0.13107686475897243,
  "debt_to_equity": 0.27131566226257514,
  "eps_growth": -0.371398892410283,
  "pe_ratio": 12.998519392377855,
  "fcf_yield": -0.04518514814935469,
  "revenue_growth": 0.2000157837370515,
  "profit_margin": 0.09474266979341671
}