{
  "roe": 0.12074285824075338,
  "debt_to_equity": 0.9622169213327643,
  "eps_growth": 3.525195209839606,
  "pe_ratio": null,
  "fcf_yield": null,
  "revenue_growth": -0.11639373886874668,
  "profit_margin": 0.07116134720153977
}