{
  "roe": 0.08872933550956223,
  "debt_to_equity": 2.6503238362495134,
  "eps_growth": -0.409891323878303,
  "pe_ratio": 9.841203512245785,
  "fcf_yield": -0.2264205757906461,
  "revenue_growth": -0.22189474809077464,
  "profit_margin": 0.026261486277574627
}