{
  "roe": 0.08872933550956223,
  "debt_to_equity": 2.6503238362495134,
  "eps_growth": 0.7242859181092648,
  "pe_ratio": 9.119944596783867,
  "fcf_yield": -0.24432724805163922,
  "revenue_growth": -0.028201894991294826,
  "profit_margin": 0.026261486277574627
}