{
  "roe": 0.012353415609778828,
  "debt_to_equity": 2.5582584998158002,
  "eps_growth": 0.6826564174588979,
  "pe_ratio": 127.03552315634859,
  "fcf_yield": 0.12318431207139757,
  "revenue_growth": 0.05268436037159652,
  "profit_margin": 0.001610364390600356
}