{
  "roe": 0.2031452732656754,
  "debt_to_equity": 14.497077138733026,
  "eps_growth": 0.6563960720669492,
  "pe_ratio": 7.000639311606203,
  "fcf_yield": 0.8077659441693797,
  "revenue_growth": null,
  "profit_margin": null
}