{
  "roe": 0.2031452732656754,
  "debt_to_equity": 14.497077138733026,
  "eps_growth": 0.6563960720669492,
  "pe_ratio": 6.7676223254545045,
  "fcf_yield": 0.8355782505858269,
  "revenue_growth": null,
  "profit_margin": null
}