{
  "roe": 0.2031452732656754,
  "debt_to_equity": 14.497077138733026,
  "eps_growth": 0.6563960720669492,
  "pe_ratio": 6.828409441438885,
  "fcf_yield": 0.8281398577261153,
  "revenue_growth": null,
  "profit_margin": null
}