{
  "roe": 0.2031452732656754,
  "debt_to_equity": 14.497077138733026,
  "eps_growth": -0.08121037673791184,
  "pe_ratio": 7.051294949804758,
  "fcf_yield": 0.8019630526851578,
  "revenue_growth": null,
  "profit_margin": null
}