{
  "roe": 0.09274095300318513,
  "debt_to_equity": 1.4243774501237059,
  "eps_growth": 0.8111604476052166,
  "pe_ratio": null,
  "fcf_yield": null,
  "revenue_growth": 0.3964245315363661,
  "profit_margin": 0.11494310840364834
}