{
  "roe": 0.00010549965465777508,
  "debt_to_equity": 0.07819264216556635,
  "eps_growth": 1.1982272912749559,
  "pe_ratio": null,
  "fcf_yield": null,
  "revenue_growth": null,
  "profit_margin": 0.0002965503231682575
}