{
  "roe": 0.2835662917938559,
  "debt_to_equity": 2.931829107545017,
  "eps_growth": 0.19804936195628536,
  "pe_ratio": 16.668822842130513,
  "fcf_yield": 0.12061421419607005,
  "revenue_growth": 0.26449290821010607,
  "profit_margin": 0.041843395732299435
}