{
  "roe": 0.18482459581183916,
  "debt_to_equity": 3.594204286895819,
  "eps_growth": 2.1522817882832745,
  "pe_ratio": 11.006028738248457,
  "fcf_yield": -0.34844701042342424,
  "revenue_growth": 0.2856461695118477,
  "profit_margin": 0.2709180883312312
}