{
  "roe": 0.18482459581183916,
  "debt_to_equity": 3.594204286895819,
  "eps_growth": -0.6253307446091612,
  "pe_ratio": 11.025823727636716,
  "fcf_yield": -0.34782143313830827,
  "revenue_growth": -0.39146112459470267,
  "profit_margin": 0.2709180883312312
}