{
  "roe": 0.24334883595776557,
  "debt_to_equity": 6.9284959453223465,
  "eps_growth": 0.7306943931217559,
  "pe_ratio": null,
  "fcf_yield": null,
  "revenue_growth": 0.014693594124842462,
  "profit_margin": 0.008098196612556034
}