{
  "roe": 0.040175049339828114,
  "debt_to_equity": 2.125083679792339,
  "eps_growth": -0.4466336592144593,
  "pe_ratio": null,
  "fcf_yield": null,
  "revenue_growth": 0.3788674307290191,
  "profit_margin": 0.0185139148996745
}