{
  "roe": 0.03688809139001619,
  "debt_to_equity": 0.6354598917676962,
  "eps_growth": -0.1276688608046863,
  "pe_ratio": null,
  "fcf_yield": null,
  "revenue_growth": 0.2251286717443705,
  "profit_margin": 0.03478650083088081
}