{
  "roe": 0.3282779826149176,
  "debt_to_equity": 0.9372607680560744,
  "eps_growth": 1.8598668047139713,
  "pe_ratio": null,
  "fcf_yield": null,
  "revenue_growth": 0.607111064718544,
  "profit_margin": 0.32313709779408034
}