{
  "roe": 0.11570268645897817,
  "debt_to_equity": 0.7258341273549695,
  "eps_growth": -0.9907086778861544,
  "pe_ratio": null,
  "fcf_yield": null,
  "revenue_growth": -0.9782021221041877,
  "profit_margin": 0.02629080523480359
}