{
  "roe": 0.05937363226966207,
  "debt_to_equity": 0.2096167173575611,
  "eps_growth": -0.8057646169549251,
  "pe_ratio": null,
  "fcf_yield": null,
  "revenue_growth": -0.6717966359610738,
  "profit_margin": 0.0442956816616791
}