{
  "roe": -0.08120474600935398,
  "debt_to_equity": 0.16067283321106055,
  "eps_growth": -18.107557904762256,
  "pe_ratio": null,
  "fcf_yield": null,
  "revenue_growth": -0.5195256373049103,
  "profit_margin": -1.3542483775428642
}