{
  "roe": 0.07834494767528208,
  "debt_to_equity": 0.8031429943629662,
  "eps_growth": 0.11782660131886298,
  "pe_ratio": null,
  "fcf_yield": null,
  "revenue_growth": -0.16146890637901637,
  "profit_margin": 0.02960935748738642
}