{
  "roe": 0.16256420519692297,
  "debt_to_equity": 0.8594303899940902,
  "eps_growth": -0.2622098205525392,
  "pe_ratio": 6.154856155335979,
  "fcf_yield": 0.06520477997617453,
  "revenue_growth": 0.07960062617795596,
  "profit_margin": 0.08905409100649515
}