{
  "roe": 0.16256420519692297,
  "debt_to_equity": 0.8594303899940902,
  "eps_growth": 1.5718558661376052,
  "pe_ratio": 5.982688420125993,
  "fcf_yield": 0.0670812205502145,
  "revenue_growth": 0.29500980467811355,
  "profit_margin": 0.08905409100649515
}