{
  "roe": 0.16029723312691183,
  "debt_to_equity": 0.4792029549425916,
  "eps_growth": 0.1092117064505445,
  "pe_ratio": 16.287410968878934,
  "fcf_yield": 0.017473373425642435,
  "revenue_growth": 0.03472216338065805,
  "profit_margin": 0.15553584923671143
}