{
  "roe": 0.090982228381803,
  "debt_to_equity": 2.0132309197857055,
  "eps_growth": 5.260729927315162,
  "pe_ratio": 8.574234195702754,
  "fcf_yield": 0.25704856205556464,
  "revenue_growth": -0.15234743402808318,
  "profit_margin": 0.031123320604438884
}