{
  "roe": 0.0341934107066416,
  "debt_to_equity": 2.5146962520263942,
  "eps_growth": -0.5120847675873145,
  "pe_ratio": null,
  "fcf_yield": null,
  "revenue_growth": -0.208946131475559,
  "profit_margin": 0.0185086188144535
}