{
  "roe": 0.14513423869850817,
  "debt_to_equity": 0.9522489307716422,
  "eps_growth": -0.160159766147075,
  "pe_ratio": null,
  "fcf_yield": null,
  "revenue_growth": -0.650047038399938,
  "profit_margin": 0.12435468945099573
}