{
  "roe": -0.0044372196446057985,
  "debt_to_equity": 0.5779589422776688,
  "eps_growth": -1.1494283236460132,
  "pe_ratio": null,
  "fcf_yield": null,
  "revenue_growth": 0.14539197665675266,
  "profit_margin": -0.005164173639992729
}