{
  "roe": 0.20271378656876043,
  "debt_to_equity": 0.6342685017940479,
  "eps_growth": 0.3464227068231019,
  "pe_ratio": 8.26353902523756,
  "fcf_yield": -0.033297643125827205,
  "revenue_growth": 0.3682538846994738,
  "profit_margin": 0.1263275060279104
}