{
  "roe": 0.20271378656876043,
  "debt_to_equity": 0.6342685017940479,
  "eps_growth": 0.001132308224807593,
  "pe_ratio": 9.135172846736367,
  "fcf_yield": -0.030120543752711663,
  "revenue_growth": -0.12444514076408149,
  "profit_margin": 0.1263275060279104
}