{
  "roe": 0.17569792021565464,
  "debt_to_equity": 0.14259318500060728,
  "eps_growth": -0.5172621683931499,
  "pe_ratio": 6.6203104006829845,
  "fcf_yield": -0.01607948876377947,
  "revenue_growth": -0.2659643761721335,
  "profit_margin": 0.26306365397240944
}