{
  "roe": 0.17569792021565464,
  "debt_to_equity": 0.14259318500060728,
  "eps_growth": -0.5114680638160313,
  "pe_ratio": 6.122080821650227,
  "fcf_yield": -0.01738807601560218,
  "revenue_growth": -0.15169332311109318,
  "profit_margin": 0.26306365397240944
}