{
  "roe": 0.17700824418751188,
  "debt_to_equity": 1.7299987867105977,
  "eps_growth": 1.3046259686615502,
  "pe_ratio": 13.568197504390191,
  "fcf_yield": -0.03832306990295275,
  "revenue_growth": 0.6973177039125438,
  "profit_margin": 0.02196345328108655
}