{
  "roe": 0.19370604898932267,
  "debt_to_equity": 0.6305981540790652,
  "eps_growth": 0.6552783548228989,
  "pe_ratio": 7.509368152873362,
  "fcf_yield": 0.08002757894720178,
  "revenue_growth": 0.0981158060388803,
  "profit_margin": 0.12054294405611919
}