{
  "roe": 0.19370604898932267,
  "debt_to_equity": 0.6305981540790652,
  "eps_growth": 1.2697505341343116,
  "pe_ratio": 7.7749046362670695,
  "fcf_yield": 0.07729439534144697,
  "revenue_growth": -0.04818808090382453,
  "profit_margin": 0.12054294405611919
}