{
  "roe": 0.20297169020853117,
  "debt_to_equity": 0.18068784602031274,
  "eps_growth": 0.3325627849698727,
  "pe_ratio": 13.686566057642507,
  "fcf_yield": 0.06652786992378135,
  "revenue_growth": 0.011706413810913955,
  "profit_margin": 0.17110111845328763
}