{
  "roe": 0.20297169020853117,
  "debt_to_equity": 0.18068784602031274,
  "eps_growth": 0.640014496608026,
  "pe_ratio": 13.657568903503334,
  "fcf_yield": 0.06666911899324318,
  "revenue_growth": 0.08343762030232545,
  "profit_margin": 0.17110111845328763
}