{
  "roe": 0.01858054219999276,
  "debt_to_equity": 2.661103455927389,
  "eps_growth": 2.0403194532534443,
  "pe_ratio": null,
  "fcf_yield": null,
  "revenue_growth": -0.011433571800882352,
  "profit_margin": 0.0019021107494865035
}