{
  "roe": 0.07362074069200208,
  "debt_to_equity": 0.6673395060052966,
  "eps_growth": -0.42240793214657957,
  "pe_ratio": null,
  "fcf_yield": null,
  "revenue_growth": -0.3103357374148275,
  "profit_margin": 0.05619804467437078
}