{
  "roe": 0.03938651633384667,
  "debt_to_equity": 0.5859543976809541,
  "eps_growth": -0.5126998079873825,
  "pe_ratio": null,
  "fcf_yield": null,
  "revenue_growth": 0.15201426119685535,
  "profit_margin": 0.017823385349125313
}