{
  "roe": 0.06532781065439906,
  "debt_to_equity": 0.745457577515225,
  "eps_growth": -1.079173274886722,
  "pe_ratio": 15.430269389052484,
  "fcf_yield": 0.11108912753203457,
  "revenue_growth": -0.7722573928266603,
  "profit_margin": 0.14089744687068903
}