{
  "roe": 0.04389108604651528,
  "debt_to_equity": 2.1186169553945318,
  "eps_growth": 87.09804746309776,
  "pe_ratio": null,
  "fcf_yield": null,
  "revenue_growth": 6.187050336975134,
  "profit_margin": 0.04591223274901253
}