{
  "roe": 0.03233830522273219,
  "debt_to_equity": 0.6335134187703849,
  "eps_growth": 0.5667530666154775,
  "pe_ratio": null,
  "fcf_yield": null,
  "revenue_growth": 1.61079197326951,
  "profit_margin": 0.07475158138409367
}