{
  "roe": 0.4178445893912599,
  "debt_to_equity": 3.0511099624948637,
  "eps_growth": 1.6769267171117648,
  "pe_ratio": 1.7844288129939774,
  "fcf_yield": 0.7763437725572296,
  "revenue_growth": -0.6339973717204808,
  "profit_margin": 0.6671454525666264
}