{
  "roe": 0.11712322724057588,
  "debt_to_equity": 0.1179818736985506,
  "eps_growth": 0.016221578831253372,
  "pe_ratio": 10.115221500762344,
  "fcf_yield": 0.06636561466509958,
  "revenue_growth": 0.12547097179521138,
  "profit_margin": 0.0962949656290892
}