{
  "roe": 0.34151581909407164,
  "debt_to_equity": 0.5075044094221125,
  "eps_growth": -0.30724508590729016,
  "pe_ratio": null,
  "fcf_yield": null,
  "revenue_growth": -0.04221851717925027,
  "profit_margin": 0.045958432035771754
}