{
  "roe": 0.04418514633471025,
  "debt_to_equity": 1.9026412484800244,
  "eps_growth": 0.020407530313808233,
  "pe_ratio": null,
  "fcf_yield": null,
  "revenue_growth": 0.16039345682636524,
  "profit_margin": 0.028970294959212745
}