{
  "roe": 0.2588013334759408,
  "debt_to_equity": 0.23219465806308215,
  "eps_growth": 0.2540093762699976,
  "pe_ratio": null,
  "fcf_yield": null,
  "revenue_growth": 0.317775949668258,
  "profit_margin": 0.34716179593026
}