{
  "roe": 0.12332480597254836,
  "debt_to_equity": 1.6003010393592683,
  "eps_growth": 0.4010386072758606,
  "pe_ratio": 10.778289520208293,
  "fcf_yield": -0.4158633405483483,
  "revenue_growth": -0.4827987831269215,
  "profit_margin": 0.10019480037316093
}