{
  "roe": 0.10958403540544023,
  "debt_to_equity": 0.5365680085684729,
  "eps_growth": 0.7444553966457346,
  "pe_ratio": 13.468180270167506,
  "fcf_yield": -0.08147547349816317,
  "revenue_growth": 0.42445650517830524,
  "profit_margin": 0.07167084837971091
}