{
  "roe": 0.10958403540544023,
  "debt_to_equity": 0.5365680085684729,
  "eps_growth": -0.00583068895456281,
  "pe_ratio": 13.704463196930654,
  "fcf_yield": -0.08007072943333392,
  "revenue_growth": 0.06075486312820905,
  "profit_margin": 0.07167084837971091
}