{
  "roe": 0.11034771460945554,
  "debt_to_equity": 0.36218565513560985,
  "eps_growth": 0.4914705003891674,
  "pe_ratio": 9.165996815077333,
  "fcf_yield": 0.05949097022665911,
  "revenue_growth": 0.6300567174393156,
  "profit_margin": 0.2805742176800099
}