{
  "roe": 0.11034771460945554,
  "debt_to_equity": 0.36218565513560985,
  "eps_growth": 0.9128245903770092,
  "pe_ratio": 9.370189686355513,
  "fcf_yield": 0.05819455762111762,
  "revenue_growth": 0.882781686364157,
  "profit_margin": 0.2805742176800099
}