{
  "roe": 0.01392529615399717,
  "debt_to_equity": 0.4696760074877018,
  "eps_growth": 13.685924811109755,
  "pe_ratio": 23.892870449956796,
  "fcf_yield": 0.3776868697659558,
  "revenue_growth": 0.3523201683268423,
  "profit_margin": 0.01065979496195167
}