{
  "roe": 0.06375121246542499,
  "debt_to_equity": 1.0061422125920123,
  "eps_growth": -0.7904244165198947,
  "pe_ratio": 14.859290653828024,
  "fcf_yield": 0.09611884452157217,
  "revenue_growth": -0.153433034647053,
  "profit_margin": 0.02515389882736505
}