{
  "roe": 0.013527768009101786,
  "debt_to_equity": 2.4007948329957673,
  "eps_growth": 0.7074831404608916,
  "pe_ratio": null,
  "fcf_yield": null,
  "revenue_growth": 0.8400265597349351,
  "profit_margin": 2.9954117669982976
}