{
  "roe": 0.3960352069642035,
  "debt_to_equity": 0.07947334703330038,
  "eps_growth": 0.001095538999840037,
  "pe_ratio": null,
  "fcf_yield": null,
  "revenue_growth": 0.05044347854869263,
  "profit_margin": 0.4669841328928289
}