{
  "roe": 0.07097726081683718,
  "debt_to_equity": 0.5904018936040362,
  "eps_growth": -4.931746745446596,
  "pe_ratio": null,
  "fcf_yield": null,
  "revenue_growth": -0.5250903297575661,
  "profit_margin": 0.11314838648124717
}