{
  "roe": 0.08987619556206634,
  "debt_to_equity": 1.413353800778778,
  "eps_growth": 1.8799344872373545,
  "pe_ratio": 12.819183487907779,
  "fcf_yield": -0.4917954340051381,
  "revenue_growth": 0.6245913299261805,
  "profit_margin": 0.3738653473492342
}