{
  "roe": 0.043064732468881775,
  "debt_to_equity": 1.9036587460553132,
  "eps_growth": -0.6684415106423467,
  "pe_ratio": 39.807405127000614,
  "fcf_yield": -0.4137884618461002,
  "revenue_growth": 0.9932309081729275,
  "profit_margin": 0.14335983210045256
}