{
  "roe": 0.21631119309157576,
  "debt_to_equity": 0.07193624149950713,
  "eps_growth": -0.7787560212230442,
  "pe_ratio": null,
  "fcf_yield": null,
  "revenue_growth": -0.5725709992258016,
  "profit_margin": 0.40213958870691113
}