{
  "roe": 0.005718636181250171,
  "debt_to_equity": 0.0016846260720045165,
  "eps_growth": -0.9608133547192607,
  "pe_ratio": null,
  "fcf_yield": null,
  "revenue_growth": -1.0,
  "profit_margin": null
}