{
  "roe": 0.021884063921727717,
  "debt_to_equity": 2.085984482823023,
  "eps_growth": 1.8342340983954564,
  "pe_ratio": null,
  "fcf_yield": null,
  "revenue_growth": -0.6627165242791119,
  "profit_margin": 0.04674430612143433
}