{
  "roe": 0.16642272796254928,
  "debt_to_equity": 0.5439522332483481,
  "eps_growth": -0.5746533688151597,
  "pe_ratio": null,
  "fcf_yield": null,
  "revenue_growth": -0.12190834457460172,
  "profit_margin": 0.41834324609946316
}