{
  "roe": 0.09023545388495297,
  "debt_to_equity": 0.33433926538460923,
  "eps_growth": 0.05802398685558025,
  "pe_ratio": null,
  "fcf_yield": null,
  "revenue_growth": -0.14783127780138475,
  "profit_margin": 0.05613467841686788
}