{
  "roe": 0.0909052525414201,
  "debt_to_equity": 0.7682483614522055,
  "eps_growth": 0.63126081414586,
  "pe_ratio": null,
  "fcf_yield": null,
  "revenue_growth": -0.008363797522365676,
  "profit_margin": 0.0657255099241628
}