{
  "roe": -0.24267399954303484,
  "debt_to_equity": 2.216940518392888,
  "eps_growth": -1.5225712602990742,
  "pe_ratio": null,
  "fcf_yield": null,
  "revenue_growth": -0.2557022494694342,
  "profit_margin": -0.07922809539955983
}