{
  "roe": 0.10641980363932207,
  "debt_to_equity": 0.3483617923244635,
  "eps_growth": 0.6045049309702085,
  "pe_ratio": null,
  "fcf_yield": null,
  "revenue_growth": 0.05767524539726012,
  "profit_margin": 0.0705222867165299
}