{
  "roe": 0.03587719450003087,
  "debt_to_equity": 1.037179558436675,
  "eps_growth": -0.9833106923665788,
  "pe_ratio": null,
  "fcf_yield": null,
  "revenue_growth": -0.8479471273862085,
  "profit_margin": 0.023597030479815418
}