{
  "roe": 0.21989891738022055,
  "debt_to_equity": 0.03808163401337803,
  "eps_growth": -0.2705538407884465,
  "pe_ratio": 8.406823821167102,
  "fcf_yield": 0.05116532397197799,
  "revenue_growth": -0.1982666156881909,
  "profit_margin": 0.5778862752667173
}