{
  "roe": 0.03463072006783625,
  "debt_to_equity": 0.8242838061818681,
  "eps_growth": -0.20257257872298357,
  "pe_ratio": 22.530197820035827,
  "fcf_yield": 0.03928936883421009,
  "revenue_growth": 0.8426953735723279,
  "profit_margin": 0.1581815498532694
}