{
  "roe": 0.03463072006783625,
  "debt_to_equity": 0.8242838061818681,
  "eps_growth": 1.2895405644463673,
  "pe_ratio": 22.56064684122961,
  "fcf_yield": 0.039236341860615656,
  "revenue_growth": 0.20126791181659806,
  "profit_margin": 0.1581815498532694
}