{
  "roe": 0.1543147377010921,
  "debt_to_equity": 0.669375819845368,
  "eps_growth": 2.446372542620969,
  "pe_ratio": null,
  "fcf_yield": null,
  "revenue_growth": 0.39332734283192716,
  "profit_margin": 0.17854587509202852
}