{
  "roe": 0.08172370960691769,
  "debt_to_equity": 0.8122323495186095,
  "eps_growth": 2.80447839380504,
  "pe_ratio": 5.668831980618241,
  "fcf_yield": -0.18915819003367035,
  "revenue_growth": 1.015357918730471,
  "profit_margin": 0.15401443081850055
}