{
  "roe": 0.009508625568289712,
  "debt_to_equity": 0.205353680531525,
  "eps_growth": 1.0970296191630922,
  "pe_ratio": null,
  "fcf_yield": null,
  "revenue_growth": 0.07912248311264801,
  "profit_margin": 0.00424495512471341
}