{
  "roe": 0.09764439740207449,
  "debt_to_equity": 0.4051788157352808,
  "eps_growth": 0.8373654292579253,
  "pe_ratio": null,
  "fcf_yield": null,
  "revenue_growth": -1.0,
  "profit_margin": -167.9303808795682
}