{
  "roe": 0.028281891633760152,
  "debt_to_equity": 9.212456205929062,
  "eps_growth": -0.5812941985383565,
  "pe_ratio": 51.700024181592006,
  "fcf_yield": 0.2217347311405482,
  "revenue_growth": null,
  "profit_margin": null
}