{
  "roe": 0.028281891633760152,
  "debt_to_equity": 9.212456205929062,
  "eps_growth": -0.5812941985383565,
  "pe_ratio": 53.319539090937795,
  "fcf_yield": 0.21499981352639858,
  "revenue_growth": null,
  "profit_margin": null
}