{
  "roe": 0.028281891633760152,
  "debt_to_equity": 9.212456205929062,
  "eps_growth": -0.4683196245288833,
  "pe_ratio": 53.56869738863846,
  "fcf_yield": 0.21399980810988528,
  "revenue_growth": null,
  "profit_margin": null
}