{
  "roe": 0.028281891633760152,
  "debt_to_equity": 9.212456205929062,
  "eps_growth": -0.5812941985383565,
  "pe_ratio": 52.82122810581988,
  "fcf_yield": 0.21702810352874144,
  "revenue_growth": null,
  "profit_margin": null
}