{
  "roe": 0.12339520685817468,
  "debt_to_equity": 0.14624493162305377,
  "eps_growth": -0.8979667705235925,
  "pe_ratio": null,
  "fcf_yield": null,
  "revenue_growth": -0.9159238619740312,
  "profit_margin": 0.061457239396677715
}