{
  "roe": 0.0833592202841945,
  "debt_to_equity": 0.5035306459560894,
  "eps_growth": -0.45941925103784165,
  "pe_ratio": null,
  "fcf_yield": null,
  "revenue_growth": -0.20191396972024295,
  "profit_margin": 0.08128254895794826
}