{
  "roe": 0.04168988924517125,
  "debt_to_equity": 0.3074968912941726,
  "eps_growth": 1.1216211346735188,
  "pe_ratio": null,
  "fcf_yield": null,
  "revenue_growth": -0.10297853708086067,
  "profit_margin": 0.052866339811659134
}