{
  "roe": 0.09075177562279896,
  "debt_to_equity": 7.06134338040722,
  "eps_growth": 1.2617506595298889,
  "pe_ratio": 11.319813121735427,
  "fcf_yield": 0.20870803552847597,
  "revenue_growth": null,
  "profit_margin": null
}