{
  "roe": 0.09075177562279896,
  "debt_to_equity": 7.06134338040722,
  "eps_growth": 1.2617506595298889,
  "pe_ratio": 11.237185850566222,
  "fcf_yield": 0.21024267023828053,
  "revenue_growth": null,
  "profit_margin": null
}