{
  "roe": 0.09075177562279896,
  "debt_to_equity": 7.06134338040722,
  "eps_growth": 0.1020360083325067,
  "pe_ratio": 11.361125618167753,
  "fcf_yield": 0.20794910984954676,
  "revenue_growth": null,
  "profit_margin": null
}