{
  "roe": 0.03830463907350043,
  "debt_to_equity": 1.1927681314582799,
  "eps_growth": -0.19890456762875836,
  "pe_ratio": null,
  "fcf_yield": null,
  "revenue_growth": -0.33558877657627434,
  "profit_margin": 0.08981314534839327
}