{
  "roe": -0.08552773234139396,
  "debt_to_equity": 0.1555774617547979,
  "eps_growth": -10.237428290698512,
  "pe_ratio": null,
  "fcf_yield": null,
  "revenue_growth": -0.8647163522697557,
  "profit_margin": -0.790300064032365
}