{
  "roe": 0.03383095285284104,
  "debt_to_equity": 0.13577179748940513,
  "eps_growth": 1.437434297371162,
  "pe_ratio": null,
  "fcf_yield": null,
  "revenue_growth": -0.2627276160444348,
  "profit_margin": 0.039503795390532344
}