{
  "roe": 0.04139128577524932,
  "debt_to_equity": 2.1144491450548157,
  "eps_growth": 60.17704590994789,
  "pe_ratio": 13.776007056799973,
  "fcf_yield": -0.32374304694826034,
  "revenue_growth": 0.5959464032626002,
  "profit_margin": 0.025986723611880872
}