{
  "roe": 0.04139128577524932,
  "debt_to_equity": 2.1144491450548157,
  "eps_growth": 1.725346169236866,
  "pe_ratio": 14.342920795376182,
  "fcf_yield": -0.3109468819479866,
  "revenue_growth": -0.018183642285083578,
  "profit_margin": 0.025986723611880872
}