{
  "roe": 0.31266471236575955,
  "debt_to_equity": 0.5668601431454926,
  "eps_growth": 5.3496053238268,
  "pe_ratio": null,
  "fcf_yield": null,
  "revenue_growth": 3.170328545239254,
  "profit_margin": 2.888666407701681
}