{
  "roe": -0.06206564119215568,
  "debt_to_equity": 0.4762807610463991,
  "eps_growth": -1.8687549984998633,
  "pe_ratio": null,
  "fcf_yield": null,
  "revenue_growth": -0.6468908385161293,
  "profit_margin": -0.37629957964486166
}