{
  "roe": 0.0031034163291801743,
  "debt_to_equity": 0.6746863235717704,
  "eps_growth": 1.0637868332355522,
  "pe_ratio": null,
  "fcf_yield": null,
  "revenue_growth": 1.1675044783709256,
  "profit_margin": 0.02040495447100109
}