{
  "roe": 0.002395872004651123,
  "debt_to_equity": 0.44282461836857834,
  "eps_growth": -1.1076320376688424,
  "pe_ratio": 91.28038492438777,
  "fcf_yield": 0.9896567504251518,
  "revenue_growth": 0.054418391503818886,
  "profit_margin": 0.00704272235611732
}