{
  "roe": 0.14984803037283997,
  "debt_to_equity": 0.6730025672301823,
  "eps_growth": -0.3909310068673307,
  "pe_ratio": 5.762703315111416,
  "fcf_yield": 0.3007326847067078,
  "revenue_growth": 0.1253016199440906,
  "profit_margin": 0.05260052618501962
}