{
  "roe": 0.27699420951415094,
  "debt_to_equity": 0.7094370238394878,
  "eps_growth": -0.09615163196310014,
  "pe_ratio": 11.26620402747904,
  "fcf_yield": 0.05363543880260266,
  "revenue_growth": -0.24931051882236255,
  "profit_margin": 0.16703426808243532
}