{
  "roe": 0.27699420951415094,
  "debt_to_equity": 0.7094370238394878,
  "eps_growth": 0.08264877961408047,
  "pe_ratio": 11.174235255315903,
  "fcf_yield": 0.05407688158042137,
  "revenue_growth": -0.18138328246402688,
  "profit_margin": 0.16703426808243532
}