{
  "roe": 0.20784943783899057,
  "debt_to_equity": 3.720305456736884,
  "eps_growth": 6.731406420986843,
  "pe_ratio": 18.545057906099004,
  "fcf_yield": -0.07273808815804748,
  "revenue_growth": 0.6361158608074868,
  "profit_margin": 0.021016997425623962
}