{
  "roe": 0.08912655069320166,
  "debt_to_equity": 1.8832569244134558,
  "eps_growth": 1.63813645316254,
  "pe_ratio": 22.564704668989343,
  "fcf_yield": -0.25719597483647877,
  "revenue_growth": 0.5823137123001553,
  "profit_margin": 0.3173406661653297
}