{
  "roe": 0.08912655069320166,
  "debt_to_equity": 1.8832569244134558,
  "eps_growth": -0.003639004735049914,
  "pe_ratio": 23.980898696741278,
  "fcf_yield": -0.24200724450024852,
  "revenue_growth": 0.2396805572804405,
  "profit_margin": 0.3173406661653297
}