{
  "roe": 0.08912655069320166,
  "debt_to_equity": 1.8832569244134558,
  "eps_growth": -0.003639004735049914,
  "pe_ratio": 21.809399975403316,
  "fcf_yield": -0.2661032041589046,
  "revenue_growth": 0.2396805572804405,
  "profit_margin": 0.3173406661653297
}