{
  "roe": 0.16720500278805622,
  "debt_to_equity": 0.31638639865055945,
  "eps_growth": -0.12351979265531131,
  "pe_ratio": 17.213504535328145,
  "fcf_yield": 0.03044412775077146,
  "revenue_growth": 0.2651272620793324,
  "profit_margin": 0.08003461743599223
}