{
  "roe": 0.16720500278805622,
  "debt_to_equity": 0.31638639865055945,
  "eps_growth": -0.37734145619266396,
  "pe_ratio": 16.763744992883797,
  "fcf_yield": 0.03126092238544985,
  "revenue_growth": 0.2639320680395593,
  "profit_margin": 0.08003461743599223
}