{
  "roe": 0.21590692737578515,
  "debt_to_equity": 0.9750248621675862,
  "eps_growth": 0.30134216088115645,
  "pe_ratio": null,
  "fcf_yield": null,
  "revenue_growth": -0.23863042771747853,
  "profit_margin": 0.22720493510188483
}