{
  "roe": 0.21392623099970418,
  "debt_to_equity": 0.8815736946272595,
  "eps_growth": -0.9466004335867669,
  "pe_ratio": null,
  "fcf_yield": null,
  "revenue_growth": -0.06645148891770948,
  "profit_margin": 0.06031232958462286
}