{
  "roe": 0.43972507863891136,
  "debt_to_equity": 1.3156382755297678,
  "eps_growth": 0.13389665035034173,
  "pe_ratio": 18.478461031834904,
  "fcf_yield": 0.0044725853911487465,
  "revenue_growth": 0.3366036928590632,
  "profit_margin": 0.12960322643596947
}