{
  "roe": 0.08837176794065053,
  "debt_to_equity": 1.2385641588080847,
  "eps_growth": 213.89375708517738,
  "pe_ratio": 8.455664740985341,
  "fcf_yield": 0.11907390342111362,
  "revenue_growth": 0.5736826802521233,
  "profit_margin": 0.22517012096625072
}