{
  "roe": 0.08837176794065053,
  "debt_to_equity": 1.2385641588080847,
  "eps_growth": 0.6717129529445163,
  "pe_ratio": 8.425680070680983,
  "fcf_yield": 0.11949765458493468,
  "revenue_growth": 0.22910635301301735,
  "profit_margin": 0.22517012096625072
}