{
  "roe": 0.053250377740951,
  "debt_to_equity": 1.7398064907433346,
  "eps_growth": -0.9405413654529277,
  "pe_ratio": 23.655543042006425,
  "fcf_yield": -0.06427164953638113,
  "revenue_growth": 0.18472634547104874,
  "profit_margin": 0.08042356884833245
}