{
  "roe": 0.09129901287009198,
  "debt_to_equity": 1.5640086004410043,
  "eps_growth": -0.47504758071279185,
  "pe_ratio": 13.455483043038925,
  "fcf_yield": -0.1530323072523758,
  "revenue_growth": 0.2998717360938643,
  "profit_margin": 0.07321791643823698
}