{
  "roe": 0.09129901287009198,
  "debt_to_equity": 1.5640086004410043,
  "eps_growth": -0.5165376588898081,
  "pe_ratio": 14.875298876596828,
  "fcf_yield": -0.13842569701312457,
  "revenue_growth": 0.05953752808984657,
  "profit_margin": 0.07321791643823698
}