{
  "roe": 0.14456831474865608,
  "debt_to_equity": 0.3192827092611257,
  "eps_growth": 0.501203616230792,
  "pe_ratio": 7.65121629228894,
  "fcf_yield": 0.1042713633259598,
  "revenue_growth": 0.31559944218086494,
  "profit_margin": 0.47179592694733286
}