{
  "roe": 0.055592712799965624,
  "debt_to_equity": 0.0984977748767775,
  "eps_growth": -0.528248490635895,
  "pe_ratio": null,
  "fcf_yield": null,
  "revenue_growth": 0.04721138371811925,
  "profit_margin": 0.08913742096064477
}