{
  "roe": 0.01716978900000693,
  "debt_to_equity": 0.43811554772265654,
  "eps_growth": 2.0100915018051513,
  "pe_ratio": null,
  "fcf_yield": null,
  "revenue_growth": 0.3604989468294757,
  "profit_margin": 0.058187184747599374
}