{
  "roe": -0.13486098977099764,
  "debt_to_equity": 0.3931796632482041,
  "eps_growth": -1.3173002680160615,
  "pe_ratio": null,
  "fcf_yield": null,
  "revenue_growth": -0.9533563767604193,
  "profit_margin": -4.5967614480230745
}