{
  "roe": 0.09268945284177517,
  "debt_to_equity": 0.36132027656435367,
  "eps_growth": 481.2751676052017,
  "pe_ratio": null,
  "fcf_yield": null,
  "revenue_growth": 1.8398238616905667,
  "profit_margin": 0.07574285186468097
}