{
  "roe": 0.030663914026742987,
  "debt_to_equity": 2.4158282366508392,
  "eps_growth": -1.6972807697316898,
  "pe_ratio": null,
  "fcf_yield": null,
  "revenue_growth": 0.7118507955645993,
  "profit_margin": 0.003558754330053281
}