{
  "roe": 0.15576506307967722,
  "debt_to_equity": 0.29627296364118233,
  "eps_growth": 0.46088317983599497,
  "pe_ratio": 13.365956339029795,
  "fcf_yield": 0.0207622624679306,
  "revenue_growth": 0.2619766304716806,
  "profit_margin": 0.3955139916119064
}