{
  "roe": 0.15576506307967722,
  "debt_to_equity": 0.29627296364118233,
  "eps_growth": 0.0763357804056716,
  "pe_ratio": 13.119741522240375,
  "fcf_yield": 0.021151902510839187,
  "revenue_growth": -0.027665401761523344,
  "profit_margin": 0.3955139916119064
}