{
  "roe": 0.10059346909976401,
  "debt_to_equity": 0.08962950490997501,
  "eps_growth": 1.1391619488769105,
  "pe_ratio": 6.718077951403069,
  "fcf_yield": 0.16325992633065278,
  "revenue_growth": -0.4466838326590467,
  "profit_margin": 0.18821021119676604
}