{
  "roe": 0.16183917043739912,
  "debt_to_equity": 0.2512908258140722,
  "eps_growth": -0.5309316717355368,
  "pe_ratio": null,
  "fcf_yield": null,
  "revenue_growth": -0.19098629315562926,
  "profit_margin": 0.09992404724901699
}