{
  "roe": 0.10005996609122977,
  "debt_to_equity": 1.056210240849356,
  "eps_growth": -0.15320340561963913,
  "pe_ratio": null,
  "fcf_yield": null,
  "revenue_growth": 0.11583295036082983,
  "profit_margin": 0.024491870467142535
}