{
  "roe": 0.04057678153200365,
  "debt_to_equity": 0.7932164763643292,
  "eps_growth": -0.11628008577179365,
  "pe_ratio": null,
  "fcf_yield": null,
  "revenue_growth": -0.23314072688216925,
  "profit_margin": 0.026928565389006648
}