{
  "roe": 0.108652236080379,
  "debt_to_equity": 0.341529186210688,
  "eps_growth": 0.591930423355444,
  "pe_ratio": 19.431404795389582,
  "fcf_yield": 0.06525804363677086,
  "revenue_growth": 0.50172252102811,
  "profit_margin": 0.21609623931231736
}