{
  "roe": 0.108652236080379,
  "debt_to_equity": 0.341529186210688,
  "eps_growth": 1.6891196922925489,
  "pe_ratio": 18.921542214262626,
  "fcf_yield": 0.06701649620850993,
  "revenue_growth": 0.9011193172702147,
  "profit_margin": 0.21609623931231736
}