{
  "roe": 0.0950162607155466,
  "debt_to_equity": 0.40261593651942096,
  "eps_growth": -1.1865398714317363,
  "pe_ratio": null,
  "fcf_yield": null,
  "revenue_growth": -0.5905322023286997,
  "profit_margin": 0.039769617436619165
}