{
  "roe": 0.19123500349194703,
  "debt_to_equity": 0.6429070219075813,
  "eps_growth": 1.2581491055502023,
  "pe_ratio": 6.4150504486041635,
  "fcf_yield": -0.029382430547679618,
  "revenue_growth": -0.2334550729070156,
  "profit_margin": 0.3895065281397637
}