{
  "roe": 0.19123500349194703,
  "debt_to_equity": 0.6429070219075813,
  "eps_growth": 3.283724591883832,
  "pe_ratio": 6.311246889868126,
  "fcf_yield": -0.029865694934002384,
  "revenue_growth": 0.17289668656248136,
  "profit_margin": 0.3895065281397637
}