{
  "roe": 0.24476795508967433,
  "debt_to_equity": 0.479180084768773,
  "eps_growth": -0.15300431173405665,
  "pe_ratio": 6.83899292122998,
  "fcf_yield": 0.06955975713923353,
  "revenue_growth": -0.007612574220281095,
  "profit_margin": 0.2849958447278306
}