{
  "roe": 0.24476795508967433,
  "debt_to_equity": 0.479180084768773,
  "eps_growth": 1.731624573089234,
  "pe_ratio": 6.776134960706619,
  "fcf_yield": 0.07020501944490291,
  "revenue_growth": 0.3332429821509765,
  "profit_margin": 0.2849958447278306
}