{
  "roe": 0.010860300969407868,
  "debt_to_equity": 0.003120251903244582,
  "eps_growth": -0.04004810651083374,
  "pe_ratio": null,
  "fcf_yield": null,
  "revenue_growth": 0.0004289753606372353,
  "profit_margin": 0.7172310864498153
}