{
  "roe": -0.029605467585888088,
  "debt_to_equity": 0.16283046909225998,
  "eps_growth": 1.0095991830333517,
  "pe_ratio": null,
  "fcf_yield": null,
  "revenue_growth": -0.6412399443996395,
  "profit_margin": -0.05541481182055119
}