{
  "roe": 0.17200907747543634,
  "debt_to_equity": 1.5623009711598557,
  "eps_growth": -0.9688331471527188,
  "pe_ratio": null,
  "fcf_yield": null,
  "revenue_growth": -0.5673671557169695,
  "profit_margin": 0.008981260778671292
}