{
  "roe": 0.026167571026648944,
  "debt_to_equity": 1.0446851804808412,
  "eps_growth": -0.3056702624985584,
  "pe_ratio": null,
  "fcf_yield": null,
  "revenue_growth": -0.02236854643943399,
  "profit_margin": 0.007901404019494272
}