{
  "roe": 0.026167571026648944,
  "debt_to_equity": 1.0446851804808412,
  "eps_growth": 0.48486327673851154,
  "pe_ratio": null,
  "fcf_yield": null,
  "revenue_growth": 0.0665096460916275,
  "profit_margin": 0.007901404019494272
}