{
  "roe": 0.1341706518548855,
  "debt_to_equity": 7.140942505761967,
  "eps_growth": -0.5068472413489388,
  "pe_ratio": null,
  "fcf_yield": null,
  "revenue_growth": 0.39986432808951305,
  "profit_margin": 0.05108516839013589
}