{
  "roe": 0.02410616728540884,
  "debt_to_equity": 0.06975155546672196,
  "eps_growth": -0.27822255505206617,
  "pe_ratio": null,
  "fcf_yield": null,
  "revenue_growth": -0.18051865536581743,
  "profit_margin": 0.32182000892602447
}