{
  "roe": 0.3257575298203631,
  "debt_to_equity": 0.47367356349913825,
  "eps_growth": 1.9051356824954198,
  "pe_ratio": null,
  "fcf_yield": null,
  "revenue_growth": 0.5186901479780165,
  "profit_margin": 0.08069601661474773
}