{
  "roe": 0.038010043128044076,
  "debt_to_equity": 0.7167562458271033,
  "eps_growth": 1.6407407347749965,
  "pe_ratio": null,
  "fcf_yield": null,
  "revenue_growth": -0.08799394817791352,
  "profit_margin": 0.023629242838445568
}