{
  "roe": 0.08628091068794375,
  "debt_to_equity": 1.809803714195498,
  "eps_growth": -0.07223784121273223,
  "pe_ratio": 23.85677816693087,
  "fcf_yield": -0.30839150691490624,
  "revenue_growth": 0.34052767118751903,
  "profit_margin": 0.221777688519023
}