{
  "roe": 0.08628091068794375,
  "debt_to_equity": 1.809803714195498,
  "eps_growth": 0.5112555331334994,
  "pe_ratio": 24.465148755205757,
  "fcf_yield": -0.300722789084573,
  "revenue_growth": 0.3660471981983196,
  "profit_margin": 0.221777688519023
}