{
  "roe": 0.01398825787470056,
  "debt_to_equity": 0.07046020612073133,
  "eps_growth": 0.03788328933339994,
  "pe_ratio": null,
  "fcf_yield": null,
  "revenue_growth": -0.05136298699927177,
  "profit_margin": 0.017458204423041235
}