{
  "roe": 0.11218734037922805,
  "debt_to_equity": 0.34452896141686545,
  "eps_growth": 0.37861546350249625,
  "pe_ratio": null,
  "fcf_yield": null,
  "revenue_growth": 0.28044709036088666,
  "profit_margin": 0.14440919747276135
}