{
  "roe": 0.21179150705248412,
  "debt_to_equity": 10.83151149650071,
  "eps_growth": 0.5074917308659803,
  "pe_ratio": 7.315541108391205,
  "fcf_yield": 0.5617387126500094,
  "revenue_growth": null,
  "profit_margin": null
}