{
  "roe": 0.21179150705248412,
  "debt_to_equity": 10.83151149650071,
  "eps_growth": 0.5074917308659803,
  "pe_ratio": 7.130876974077441,
  "fcf_yield": 0.5762857302832035,
  "revenue_growth": null,
  "profit_margin": null
}