{
  "roe": 0.21179150705248412,
  "debt_to_equity": 10.83151149650071,
  "eps_growth": 0.3335313715041026,
  "pe_ratio": 7.50020524270497,
  "fcf_yield": 0.5479080253920923,
  "revenue_growth": null,
  "profit_margin": null
}