{
  "roe": 0.22898505903913485,
  "debt_to_equity": 0.9120874917581836,
  "eps_growth": 0.15577156503182712,
  "pe_ratio": 5.4311226306188525,
  "fcf_yield": -0.3578482219689474,
  "revenue_growth": 0.4500793135021996,
  "profit_margin": 1.1314957633407183
}