{
  "roe": 0.22898505903913485,
  "debt_to_equity": 0.9120874917581836,
  "eps_growth": 0.004307554268333108,
  "pe_ratio": 5.2272736201499495,
  "fcf_yield": -0.3718032989837094,
  "revenue_growth": 2.09993844554312,
  "profit_margin": 1.1314957633407183
}