{
  "roe": 0.10709013126777027,
  "debt_to_equity": 0.7374391063592637,
  "eps_growth": 0.0546029669119255,
  "pe_ratio": 9.779861760281356,
  "fcf_yield": 0.09873862529197662,
  "revenue_growth": 0.2435920391567789,
  "profit_margin": 0.3100766271251831
}