{
  "roe": 0.10709013126777027,
  "debt_to_equity": 0.7374391063592637,
  "eps_growth": 2.8204149548817563,
  "pe_ratio": 9.700925021459367,
  "fcf_yield": 0.0995420646608073,
  "revenue_growth": 0.1596099716260976,
  "profit_margin": 0.3100766271251831
}