{
  "roe": -0.0011422029203798983,
  "debt_to_equity": 0.047561270878291685,
  "eps_growth": 1.3410291002941308,
  "pe_ratio": null,
  "fcf_yield": null,
  "revenue_growth": -0.20678472074008028,
  "profit_margin": -0.008238202664904
}