{
  "roe": 0.8034590631674648,
  "debt_to_equity": 0.13797783278291284,
  "eps_growth": -0.13765510649209634,
  "pe_ratio": null,
  "fcf_yield": null,
  "revenue_growth": -0.07823238451572682,
  "profit_margin": 0.6746839071347585
}