{
  "roe": 0.08318692280351901,
  "debt_to_equity": 0.4425551760897337,
  "eps_growth": 13.154822227318865,
  "pe_ratio": null,
  "fcf_yield": null,
  "revenue_growth": 0.24530380978881353,
  "profit_margin": 0.08067324034551121
}