{
  "roe": 0.045640771979292026,
  "debt_to_equity": 2.284629942603281,
  "eps_growth": 0.3092546675305492,
  "pe_ratio": 23.67792562938152,
  "fcf_yield": -0.4758375688702373,
  "revenue_growth": 0.9149380199950933,
  "profit_margin": 0.01580824293611469
}