{
  "roe": 0.21072917357059293,
  "debt_to_equity": 0.42797886392958995,
  "eps_growth": -0.5354451194543662,
  "pe_ratio": 1.3773871238491506,
  "fcf_yield": 0.30483916303606867,
  "revenue_growth": 1.339953657014695,
  "profit_margin": 3.383060262644893
}