{
  "roe": 0.055529951499660966,
  "debt_to_equity": 2.2057795527192,
  "eps_growth": 0.6717957869622616,
  "pe_ratio": 8.67827856037892,
  "fcf_yield": 0.3208479551818999,
  "revenue_growth": 0.11460994008203962,
  "profit_margin": 0.18010580305605986
}