{
  "roe": 0.055529951499660966,
  "debt_to_equity": 2.2057795527192,
  "eps_growth": 0.4353459102622563,
  "pe_ratio": 9.060582009913695,
  "fcf_yield": 0.3073100522184911,
  "revenue_growth": -0.04233557135320948,
  "profit_margin": 0.18010580305605986
}