{
  "roe": 0.13598427363710772,
  "debt_to_equity": 1.3105085256234819,
  "eps_growth": 2.195466442499207,
  "pe_ratio": null,
  "fcf_yield": null,
  "revenue_growth": 0.39955389834353355,
  "profit_margin": 0.016923315400981808
}