{
  "roe": 0.13261731606270585,
  "debt_to_equity": 0.07597615045396477,
  "eps_growth": -0.517565328345427,
  "pe_ratio": null,
  "fcf_yield": null,
  "revenue_growth": -0.45322554804234877,
  "profit_margin": 0.33521043200717826
}