{
  "roe": 0.022641931457982937,
  "debt_to_equity": 0.4614710126714854,
  "eps_growth": 6.685911405346848,
  "pe_ratio": null,
  "fcf_yield": null,
  "revenue_growth": -1.0,
  "profit_margin": 0.33164692652233074
}