{
  "roe": 0.1769803787427476,
  "debt_to_equity": 2.6640383748253047,
  "eps_growth": -0.44463702619030054,
  "pe_ratio": null,
  "fcf_yield": null,
  "revenue_growth": 0.09147679923944883,
  "profit_margin": 0.02754376565718239
}