{
  "roe": 0.043278450460256905,
  "debt_to_equity": 3.161621555899065,
  "eps_growth": 57.92583130553795,
  "pe_ratio": null,
  "fcf_yield": null,
  "revenue_growth": 41.479375840319705,
  "profit_margin": 0.06690341691082272
}