{
  "roe": 0.08506299125676374,
  "debt_to_equity": 2.9246376444731026,
  "eps_growth": 1.351189523912787,
  "pe_ratio": null,
  "fcf_yield": null,
  "revenue_growth": 1.182509064849542,
  "profit_margin": 0.00526545501793173
}