{
  "roe": 0.11151156621171673,
  "debt_to_equity": 0.13132885696573612,
  "eps_growth": 4.234329490921228,
  "pe_ratio": null,
  "fcf_yield": null,
  "revenue_growth": 0.12352216691300279,
  "profit_margin": 0.22660858323956715
}