{
  "roe": 0.0413517032980098,
  "debt_to_equity": 0.08711037967956688,
  "eps_growth": -0.11532134604844552,
  "pe_ratio": null,
  "fcf_yield": null,
  "revenue_growth": 0.5483580927466527,
  "profit_margin": 0.0722750360561976
}