{
  "roe": 0.1498995910146768,
  "debt_to_equity": 0.13466022892790533,
  "eps_growth": 10.401190513041477,
  "pe_ratio": 10.184442085929195,
  "fcf_yield": 0.14670756241230587,
  "revenue_growth": 0.990245947170299,
  "profit_margin": 0.44789994705246705
}