{
  "roe": 0.02635713131665637,
  "debt_to_equity": 0.6151638338587675,
  "eps_growth": 0.8059642225300773,
  "pe_ratio": null,
  "fcf_yield": null,
  "revenue_growth": -0.3690812127331627,
  "profit_margin": 0.01407481821740703
}