{
  "roe": 0.15181551202462298,
  "debt_to_equity": 0.85523090033196,
  "eps_growth": 1.7280356575291342,
  "pe_ratio": 9.568542306239818,
  "fcf_yield": 0.009313992234019491,
  "revenue_growth": 0.33738251721221657,
  "profit_margin": 0.12381347910871127
}