{
  "roe": 0.15181551202462298,
  "debt_to_equity": 0.85523090033196,
  "eps_growth": 1.123547194463161,
  "pe_ratio": 10.483620874079193,
  "fcf_yield": 0.008501006455847478,
  "revenue_growth": 0.47312956236660725,
  "profit_margin": 0.12381347910871127
}