{
  "roe": 0.0333678396127526,
  "debt_to_equity": 1.3705718430673173,
  "eps_growth": -0.7167563081725884,
  "pe_ratio": null,
  "fcf_yield": null,
  "revenue_growth": -0.6365792983351333,
  "profit_margin": 0.10205592916502067
}