{
  "roe": 0.012887630602223967,
  "debt_to_equity": 0.6472986003641954,
  "eps_growth": -0.4711656686047654,
  "pe_ratio": 21.432733559619578,
  "fcf_yield": -0.03052828692073615,
  "revenue_growth": -0.7734222239921597,
  "profit_margin": 2.736134660647812
}