{
  "roe": 0.06409234509696225,
  "debt_to_equity": 0.23978743098791058,
  "eps_growth": 13.060546394247039,
  "pe_ratio": null,
  "fcf_yield": null,
  "revenue_growth": 4.210010164464992,
  "profit_margin": 0.13480711459205558
}