{
  "roe": 0.04729813324824273,
  "debt_to_equity": 1.0231240168574613,
  "eps_growth": -0.5659784801519605,
  "pe_ratio": 18.138809630310497,
  "fcf_yield": -0.40116291136139515,
  "revenue_growth": -0.1728086446482583,
  "profit_margin": 0.015418223263277867
}