{
  "roe": 0.04729813324824273,
  "debt_to_equity": 1.0231240168574613,
  "eps_growth": -0.566571169147367,
  "pe_ratio": 19.030881063698875,
  "fcf_yield": -0.3823584234260974,
  "revenue_growth": -0.057009395018715735,
  "profit_margin": 0.015418223263277867
}