{
  "roe": 0.04729813324824273,
  "debt_to_equity": 1.0231240168574613,
  "eps_growth": -0.5659784801519605,
  "pe_ratio": 17.469754606872446,
  "fcf_yield": -0.4165266109154684,
  "revenue_growth": -0.1728086446482583,
  "profit_margin": 0.015418223263277867
}