{
  "roe": 0.009192053384382956,
  "debt_to_equity": 0.21936843330637737,
  "eps_growth": 1.4104083721405702,
  "pe_ratio": null,
  "fcf_yield": null,
  "revenue_growth": -1.0,
  "profit_margin": 0.11320896132618759
}