{
  "roe": 0.06986136192843724,
  "debt_to_equity": 0.5420591065414377,
  "eps_growth": 0.6980158191399507,
  "pe_ratio": 14.48343117526452,
  "fcf_yield": 0.08102836481325931,
  "revenue_growth": -0.025476653744288574,
  "profit_margin": 0.04726222920859389
}