{
  "roe": 0.08363235270549468,
  "debt_to_equity": 1.0433219632176651,
  "eps_growth": -0.3683913454694556,
  "pe_ratio": null,
  "fcf_yield": null,
  "revenue_growth": -0.055948074590645915,
  "profit_margin": 0.025428015848525835
}