{
  "roe": 0.28088757062898545,
  "debt_to_equity": 2.150671897130378,
  "eps_growth": -0.0669164891385708,
  "pe_ratio": 4.4413734966060225,
  "fcf_yield": 0.043403063456126684,
  "revenue_growth": 0.2242249709436973,
  "profit_margin": 0.06012428920977826
}