{
  "roe": 0.2139877094404041,
  "debt_to_equity": 1.461308506954898,
  "eps_growth": 0.7917609553548487,
  "pe_ratio": null,
  "fcf_yield": null,
  "revenue_growth": 0.03411424036834737,
  "profit_margin": 0.27874362100668576
}