{
  "roe": 0.1565184734481748,
  "debt_to_equity": 1.116182476928301,
  "eps_growth": -0.41239190468160547,
  "pe_ratio": null,
  "fcf_yield": null,
  "revenue_growth": 0.5162889152849652,
  "profit_margin": 0.03368992704547451
}