{
  "roe": -0.004127042896144044,
  "debt_to_equity": 3.664746958191865,
  "eps_growth": -0.1611863145145291,
  "pe_ratio": null,
  "fcf_yield": null,
  "revenue_growth": -0.9309045445611541,
  "profit_margin": -0.014928623765632656
}