{
  "roe": 0.05178513044257169,
  "debt_to_equity": 0.11689997143280031,
  "eps_growth": 0.3443997111051409,
  "pe_ratio": null,
  "fcf_yield": null,
  "revenue_growth": -0.16904594196635894,
  "profit_margin": 0.06337363911330907
}