{
  "roe": 0.025610239160769824,
  "debt_to_equity": 3.2180049504815336,
  "eps_growth": -0.6158843697629588,
  "pe_ratio": null,
  "fcf_yield": null,
  "revenue_growth": 4.681378868803301,
  "profit_margin": 0.008774272724767183
}