{
  "roe": 0.11356417048420596,
  "debt_to_equity": 0.5368396623396738,
  "eps_growth": -0.042008693645654904,
  "pe_ratio": null,
  "fcf_yield": null,
  "revenue_growth": -0.235831044216257,
  "profit_margin": 0.2575197301706717
}