{
  "roe": 0.0355900859459248,
  "debt_to_equity": 1.9291210349399388,
  "eps_growth": -0.08707358402953026,
  "pe_ratio": null,
  "fcf_yield": null,
  "revenue_growth": 0.681401434621126,
  "profit_margin": 0.01604423477743663
}