{
  "roe": 0.0726175513845007,
  "debt_to_equity": 0.5206110289540679,
  "eps_growth": 1.4910772774748935,
  "pe_ratio": null,
  "fcf_yield": null,
  "revenue_growth": 1.4582524404415538,
  "profit_margin": 0.06582057237201273
}