{
  "roe": 0.7688486390696609,
  "debt_to_equity": 6.039027464060562,
  "eps_growth": 3.7001413463445068,
  "pe_ratio": 8.701258925625462,
  "fcf_yield": 0.15424165707778384,
  "revenue_growth": 0.4994515703737725,
  "profit_margin": 0.06771155122680214
}