{
  "roe": 0.7688486390696609,
  "debt_to_equity": 6.039027464060562,
  "eps_growth": 0.5271601058908147,
  "pe_ratio": 7.890582513573055,
  "fcf_yield": 0.17008840513900073,
  "revenue_growth": 0.31725190963782357,
  "profit_margin": 0.06771155122680214
}