{
  "roe": 0.7688486390696609,
  "debt_to_equity": 6.039027464060562,
  "eps_growth": 3.7001413463445068,
  "pe_ratio": 7.602342151819172,
  "fcf_yield": 0.17653725240848003,
  "revenue_growth": 0.4994515703737725,
  "profit_margin": 0.06771155122680214
}