{
  "roe": 0.21191819282449048,
  "debt_to_equity": 0.5474893596975221,
  "eps_growth": 0.8502266743299155,
  "pe_ratio": null,
  "fcf_yield": null,
  "revenue_growth": 0.15999306704702235,
  "profit_margin": 0.06962968405214603
}