{
  "roe": 0.06175134664875531,
  "debt_to_equity": 3.0927352970505058,
  "eps_growth": 1.2230711626177575,
  "pe_ratio": null,
  "fcf_yield": null,
  "revenue_growth": -0.1399985682242095,
  "profit_margin": 3.3374601978451928
}