{
  "roe": 0.04857624672552965,
  "debt_to_equity": 1.5981620201017797,
  "eps_growth": -0.6677260007143693,
  "pe_ratio": null,
  "fcf_yield": null,
  "revenue_growth": -0.24579283971700233,
  "profit_margin": 0.013052154333518749
}