{
  "roe": 0.2570701717199411,
  "debt_to_equity": 1.6599094994007335,
  "eps_growth": -0.42126386232965835,
  "pe_ratio": null,
  "fcf_yield": null,
  "revenue_growth": -0.30857248342290916,
  "profit_margin": 0.2747525938026161
}