{
  "roe": 0.043110604274468584,
  "debt_to_equity": 1.702610826294394,
  "eps_growth": 1.2409479273334945,
  "pe_ratio": 9.912663132548241,
  "fcf_yield": -0.3047652948829427,
  "revenue_growth": -0.23157587159210366,
  "profit_margin": 0.02279571724692516
}