{
  "roe": -0.06264483751279107,
  "debt_to_equity": 0.6943399421015296,
  "eps_growth": -1.0980285342124414,
  "pe_ratio": null,
  "fcf_yield": null,
  "revenue_growth": -0.9480349101803747,
  "profit_margin": -0.12538553118616277
}