{
  "roe": 0.11787786986341993,
  "debt_to_equity": 1.2661794015235734,
  "eps_growth": -0.5763523635358915,
  "pe_ratio": null,
  "fcf_yield": null,
  "revenue_growth": 0.030115055411784553,
  "profit_margin": 0.585850571643449
}