{
  "roe": 0.08033034206983918,
  "debt_to_equity": 0.280429865342034,
  "eps_growth": 0.4185609780086399,
  "pe_ratio": 9.009274338863479,
  "fcf_yield": -0.07049222519201932,
  "revenue_growth": -0.3016110995762148,
  "profit_margin": 0.3836276624257228
}