{
  "roe": 0.08033034206983918,
  "debt_to_equity": 0.280429865342034,
  "eps_growth": 0.06998144962200989,
  "pe_ratio": 9.393056051202175,
  "fcf_yield": -0.06761205214255736,
  "revenue_growth": 0.4451831609132285,
  "profit_margin": 0.3836276624257228
}