{
  "roe": 0.13355493525521447,
  "debt_to_equity": 1.1079967501957562,
  "eps_growth": 0.9618531868586919,
  "pe_ratio": null,
  "fcf_yield": null,
  "revenue_growth": 0.4714259609604747,
  "profit_margin": 0.19071685118045584
}