{
  "roe": 0.14996399670752392,
  "debt_to_equity": 0.1859604833284223,
  "eps_growth": 0.2441493988709537,
  "pe_ratio": 19.818056793778762,
  "fcf_yield": 0.03930621133639373,
  "revenue_growth": 0.05604021497120525,
  "profit_margin": 0.14904333897145808
}