{
  "roe": 0.14996399670752392,
  "debt_to_equity": 0.1859604833284223,
  "eps_growth": -0.0916653292126899,
  "pe_ratio": 20.120292739479552,
  "fcf_yield": 0.03871577509826387,
  "revenue_growth": -0.13669988885184056,
  "profit_margin": 0.14904333897145808
}