{
  "roe": 0.04510472802728535,
  "debt_to_equity": 0.2102381173028387,
  "eps_growth": 6.842069266814052,
  "pe_ratio": null,
  "fcf_yield": null,
  "revenue_growth": 0.366666768911349,
  "profit_margin": 0.06213873720009507
}