{
  "roe": 0.14851537724146413,
  "debt_to_equity": 0.5196371359921375,
  "eps_growth": 0.09304430375750117,
  "pe_ratio": null,
  "fcf_yield": null,
  "revenue_growth": 0.12034900793688347,
  "profit_margin": 0.06969878912341812
}