{
  "roe": 0.11596668712456527,
  "debt_to_equity": 1.1680860523603391,
  "eps_growth": 0.12233305872157887,
  "pe_ratio": null,
  "fcf_yield": null,
  "revenue_growth": -0.2385370926792684,
  "profit_margin": 0.9509352541535526
}