{
  "roe": 0.024579979230010665,
  "debt_to_equity": 0.5108410820462086,
  "eps_growth": 2.5713175396678243,
  "pe_ratio": 17.763275305895462,
  "fcf_yield": 0.2740289863288393,
  "revenue_growth": 0.5927810867388285,
  "profit_margin": 0.0861376078311628
}