{
  "roe": 0.2336845769886253,
  "debt_to_equity": 0.2799439981686629,
  "eps_growth": 22.062763748674268,
  "pe_ratio": null,
  "fcf_yield": null,
  "revenue_growth": 0.8575584708581071,
  "profit_margin": 0.18852868380177157
}