{
  "roe": 0.017700442944555125,
  "debt_to_equity": 0.7234278615897428,
  "eps_growth": 7.109089109922734,
  "pe_ratio": null,
  "fcf_yield": null,
  "revenue_growth": 0.17365790958514982,
  "profit_margin": 0.008734241597620297
}