{
  "roe": 0.01673804594207742,
  "debt_to_equity": 0.27501156390808773,
  "eps_growth": 1.2070439599980158,
  "pe_ratio": null,
  "fcf_yield": null,
  "revenue_growth": 0.6673308630799876,
  "profit_margin": 0.16617008753697876
}