{
  "roe": 0.057453831451420787,
  "debt_to_equity": 0.7625892692377335,
  "eps_growth": 0.24587523535663466,
  "pe_ratio": 11.6423215642763,
  "fcf_yield": 0.21415578884949302,
  "revenue_growth": 0.010961278001910168,
  "profit_margin": 0.049393398523197254
}