{
  "roe": 0.0590986885695917,
  "debt_to_equity": 1.6633121072007064,
  "eps_growth": -0.14040339365697327,
  "pe_ratio": 17.43654716486669,
  "fcf_yield": -0.4762786595036138,
  "revenue_growth": 0.498115139592604,
  "profit_margin": 0.3247556030622637
}