{
  "roe": 0.09267019876595958,
  "debt_to_equity": 0.8041060713809178,
  "eps_growth": 2.1586378067021474,
  "pe_ratio": 21.599840632163378,
  "fcf_yield": 0.020460819817483718,
  "revenue_growth": 0.4532246092122155,
  "profit_margin": 0.07287099070119978
}