{
  "roe": 0.0852536640188935,
  "debt_to_equity": 0.8519588793787801,
  "eps_growth": 0.16734709348251844,
  "pe_ratio": 14.493880958123347,
  "fcf_yield": -0.07906403894157296,
  "revenue_growth": -0.5634685130643323,
  "profit_margin": 0.43457196865169484
}