{
  "roe": 0.0852536640188935,
  "debt_to_equity": 0.8519588793787801,
  "eps_growth": 0.6662477131670016,
  "pe_ratio": 14.004636036089025,
  "fcf_yield": -0.08182610140917357,
  "revenue_growth": -0.7318649446558881,
  "profit_margin": 0.43457196865169484
}