{
  "roe": -0.07514505287388185,
  "debt_to_equity": 0.009413502062075082,
  "eps_growth": -2.8777793666778915,
  "pe_ratio": null,
  "fcf_yield": null,
  "revenue_growth": -1.0,
  "profit_margin": -0.36563761900143177
}