{
  "roe": 0.012587587992239238,
  "debt_to_equity": 0.3706411088429951,
  "eps_growth": -0.186793920230059,
  "pe_ratio": 33.66434750859501,
  "fcf_yield": -0.1962919504589796,
  "revenue_growth": 0.36157802695044144,
  "profit_margin": 0.10702524509055257
}