{
  "roe": 0.1259953124194214,
  "debt_to_equity": 2.1939444738016403,
  "eps_growth": -0.9193747652467333,
  "pe_ratio": null,
  "fcf_yield": null,
  "revenue_growth": -0.11462672578456458,
  "profit_margin": 0.011071473143255515
}