{
  "roe": 0.157452509194855,
  "debt_to_equity": 0.060090755895322874,
  "eps_growth": 269.62472941892713,
  "pe_ratio": null,
  "fcf_yield": null,
  "revenue_growth": -0.9498610033835212,
  "profit_margin": 0.5179784405870725
}