{
  "roe": 0.22604684338581066,
  "debt_to_equity": 11.388351352337672,
  "eps_growth": 0.5478761725800102,
  "pe_ratio": 4.15967071981878,
  "fcf_yield": 0.8587348716045714,
  "revenue_growth": null,
  "profit_margin": null
}