{
  "roe": 0.0079285372468241,
  "debt_to_equity": 0.2546243945189921,
  "eps_growth": -0.9449445835073891,
  "pe_ratio": null,
  "fcf_yield": null,
  "revenue_growth": -0.340784810631799,
  "profit_margin": 0.01894362960581008
}