{
  "roe": 0.03368423890718678,
  "debt_to_equity": 4.981219334176135,
  "eps_growth": -0.5711856135392591,
  "pe_ratio": null,
  "fcf_yield": null,
  "revenue_growth": 0.41075653597018225,
  "profit_margin": 0.0008284714451916775
}