{
  "roe": 0.008165805363946706,
  "debt_to_equity": 1.1389293410687755,
  "eps_growth": -0.7320572796746265,
  "pe_ratio": 438.93002041608247,
  "fcf_yield": -0.012952091121917503,
  "revenue_growth": -0.44300638730337966,
  "profit_margin": 0.012053485095118366
}