{
  "roe": 0.053971197676604535,
  "debt_to_equity": 0.9738645175242571,
  "eps_growth": 1.6434996980111591,
  "pe_ratio": null,
  "fcf_yield": null,
  "revenue_growth": 0.3451226761839397,
  "profit_margin": 0.19267415812129995
}