{
  "roe": 0.45442861857640554,
  "debt_to_equity": 5.014518269109629,
  "eps_growth": 0.489725684710037,
  "pe_ratio": null,
  "fcf_yield": null,
  "revenue_growth": -0.01326560968769362,
  "profit_margin": 0.445787361774339
}