{
  "roe": 0.13226763646121514,
  "debt_to_equity": 3.3987847240108233,
  "eps_growth": -0.7701900644682623,
  "pe_ratio": null,
  "fcf_yield": null,
  "revenue_growth": -0.5552736860584163,
  "profit_margin": 0.015463765203661566
}