{
  "roe": 0.3916036953141504,
  "debt_to_equity": 0.8714264952813153,
  "eps_growth": 0.8979179467746146,
  "pe_ratio": null,
  "fcf_yield": null,
  "revenue_growth": 0.5245365791096376,
  "profit_margin": 0.14892346074289228
}