{
  "roe": 0.030136032588986693,
  "debt_to_equity": 1.287646869142578,
  "eps_growth": -0.9578970237926746,
  "pe_ratio": null,
  "fcf_yield": null,
  "revenue_growth": -0.14957697291261784,
  "profit_margin": 0.020825465560796414
}