{
  "roe": 0.1260272866304374,
  "debt_to_equity": 3.3711764418465062,
  "eps_growth": -0.5268370413706501,
  "pe_ratio": null,
  "fcf_yield": null,
  "revenue_growth": 0.38608038422396823,
  "profit_margin": 0.026622336110078478
}