{
  "roe": 0.033760439272807176,
  "debt_to_equity": 0.35708710696847806,
  "eps_growth": -0.6870882004593881,
  "pe_ratio": null,
  "fcf_yield": null,
  "revenue_growth": 0.3107979208426354,
  "profit_margin": 0.16617866312229276
}