{
  "roe": 0.5237239050333675,
  "debt_to_equity": 0.6832130034002394,
  "eps_growth": 10.783258661280643,
  "pe_ratio": null,
  "fcf_yield": null,
  "revenue_growth": 0.25590672246088786,
  "profit_margin": 1.0860718646514125
}