{
  "roe": 0.16114448557904734,
  "debt_to_equity": 0.9903148718795012,
  "eps_growth": -0.38060508485957084,
  "pe_ratio": null,
  "fcf_yield": null,
  "revenue_growth": 0.1826736532570838,
  "profit_margin": 0.06310060062863934
}