{
  "roe": 0.08573440125731767,
  "debt_to_equity": 0.7000262724086541,
  "eps_growth": -0.4505108292371331,
  "pe_ratio": null,
  "fcf_yield": null,
  "revenue_growth": 1.8177428272106637,
  "profit_margin": 0.03351291044978688
}