{
  "roe": 0.22178406145752924,
  "debt_to_equity": 0.4723813525107531,
  "eps_growth": 0.3526661912486782,
  "pe_ratio": null,
  "fcf_yield": null,
  "revenue_growth": 0.2790378112486625,
  "profit_margin": 0.11865138337036302
}