{
  "roe": 0.004616375421959113,
  "debt_to_equity": 2.2714749315915643,
  "eps_growth": -0.46328939485841797,
  "pe_ratio": null,
  "fcf_yield": null,
  "revenue_growth": 0.13277595625615635,
  "profit_margin": 0.0034505594894861124
}