{
  "roe": 0.05159182100748817,
  "debt_to_equity": 1.5392210811056775,
  "eps_growth": -0.6452955564348665,
  "pe_ratio": null,
  "fcf_yield": null,
  "revenue_growth": -0.5415045971475717,
  "profit_margin": 0.04950626722106235
}