{
  "roe": 0.05159182100748817,
  "debt_to_equity": 1.5392210811056775,
  "eps_growth": -0.49268958238234506,
  "pe_ratio": null,
  "fcf_yield": null,
  "revenue_growth": -0.533702028244507,
  "profit_margin": 0.04950626722106235
}