{
  "roe": 0.08360438204400433,
  "debt_to_equity": 5.235225923080486,
  "eps_growth": 0.9400773158650662,
  "pe_ratio": null,
  "fcf_yield": null,
  "revenue_growth": 0.488408233295069,
  "profit_margin": 0.340618352346638
}