{
  "roe": 0.147994687821375,
  "debt_to_equity": 0.5938836508473296,
  "eps_growth": -0.43255950144276323,
  "pe_ratio": null,
  "fcf_yield": null,
  "revenue_growth": 0.2543833216651083,
  "profit_margin": 0.11725707548929869
}