{
  "roe": 0.09869638970313968,
  "debt_to_equity": 2.7047926002616856,
  "eps_growth": -0.6401118462010749,
  "pe_ratio": 22.18890216623247,
  "fcf_yield": 0.039284571965416126,
  "revenue_growth": 0.13233698289373155,
  "profit_margin": 0.23299400606940357
}