{
  "roe": 0.025142765522664895,
  "debt_to_equity": 1.044510590077177,
  "eps_growth": 1.0989054791998383,
  "pe_ratio": null,
  "fcf_yield": null,
  "revenue_growth": -0.7342218392659622,
  "profit_margin": 0.812122582477178
}