{
  "roe": 0.18678467406264138,
  "debt_to_equity": 0.4811879634846526,
  "eps_growth": 0.5696239652201447,
  "pe_ratio": null,
  "fcf_yield": null,
  "revenue_growth": -0.23927562485025786,
  "profit_margin": 0.10831189176305789
}