{
  "roe": 0.15114364459379814,
  "debt_to_equity": 0.7383751319698663,
  "eps_growth": 0.7146252810586203,
  "pe_ratio": null,
  "fcf_yield": null,
  "revenue_growth": 0.08800663071277011,
  "profit_margin": 0.4652360446995856
}