{
  "roe": 0.18523949523070815,
  "debt_to_equity": 0.4481785400901225,
  "eps_growth": -0.1275096578130192,
  "pe_ratio": null,
  "fcf_yield": null,
  "revenue_growth": 0.1539229401056923,
  "profit_margin": 0.06157183240320373
}