{
  "roe": 0.04170380255395314,
  "debt_to_equity": 3.4426830884290074,
  "eps_growth": -0.4927762789670308,
  "pe_ratio": null,
  "fcf_yield": null,
  "revenue_growth": -0.25388905271146367,
  "profit_margin": 0.00931084831346662
}