{
  "roe": 0.22573859197987373,
  "debt_to_equity": 10.741264762364477,
  "eps_growth": -0.05882413668081409,
  "pe_ratio": 12.425092057061889,
  "fcf_yield": 0.24559466268942567,
  "revenue_growth": null,
  "profit_margin": null
}