{
  "roe": 0.22573859197987373,
  "debt_to_equity": 10.741264762364477,
  "eps_growth": -0.05882413668081409,
  "pe_ratio": 13.8561844667533,
  "fcf_yield": 0.22022919079643252,
  "revenue_growth": null,
  "profit_margin": null
}