{
  "roe": 0.22573859197987373,
  "debt_to_equity": 10.741264762364477,
  "eps_growth": -0.04870045173550663,
  "pe_ratio": 14.444671135332152,
  "fcf_yield": 0.21125688941266488,
  "revenue_growth": null,
  "profit_margin": null
}