{
  "roe": 0.22573859197987373,
  "debt_to_equity": 10.741264762364477,
  "eps_growth": -0.05882413668081409,
  "pe_ratio": 12.411717803911008,
  "fcf_yield": 0.2458593033494219,
  "revenue_growth": null,
  "profit_margin": null
}