{
  "roe": 0.059627444885958635,
  "debt_to_equity": 0.9501862236657274,
  "eps_growth": -0.8179491739241154,
  "pe_ratio": null,
  "fcf_yield": null,
  "revenue_growth": 0.015250193104423238,
  "profit_margin": 0.047474503127664935
}