{
  "roe": 0.059627444885958635,
  "debt_to_equity": 0.9501862236657274,
  "eps_growth": -0.6353675381635449,
  "pe_ratio": null,
  "fcf_yield": null,
  "revenue_growth": -0.2461571161242937,
  "profit_margin": 0.047474503127664935
}