{
  "roe": 0.08663410681537893,
  "debt_to_equity": 0.32727118161814023,
  "eps_growth": -0.07445388480008025,
  "pe_ratio": null,
  "fcf_yield": null,
  "revenue_growth": 1.9405929721214548,
  "profit_margin": 0.2737746853266934
}