{
  "roe": 0.2168574549854852,
  "debt_to_equity": 1.4015961011927411,
  "eps_growth": -0.4214849268209187,
  "pe_ratio": null,
  "fcf_yield": null,
  "revenue_growth": 0.11167160656634981,
  "profit_margin": 0.039891738731876285
}