{
  "roe": 0.18972758581945715,
  "debt_to_equity": 9.759753361248507,
  "eps_growth": 0.2623306226844618,
  "pe_ratio": 7.116320791834688,
  "fcf_yield": 0.4757836540425742,
  "revenue_growth": null,
  "profit_margin": null
}