{
  "roe": 0.18972758581945715,
  "debt_to_equity": 9.759753361248507,
  "eps_growth": 0.28278053913047535,
  "pe_ratio": 7.031264943688951,
  "fcf_yield": 0.48153911661617443,
  "revenue_growth": null,
  "profit_margin": null
}