{
  "roe": 0.01247974030482566,
  "debt_to_equity": 0.10480023765836718,
  "eps_growth": 1.0468464589737008,
  "pe_ratio": null,
  "fcf_yield": null,
  "revenue_growth": 0.7377297310426355,
  "profit_margin": 0.03049828923355804
}