{
  "roe": 0.13777252691906408,
  "debt_to_equity": 2.661943780177312,
  "eps_growth": 0.3456478093472595,
  "pe_ratio": null,
  "fcf_yield": null,
  "revenue_growth": 0.15365964655714842,
  "profit_margin": 0.28911852689477885
}