{
  "roe": 0.13777252691906408,
  "debt_to_equity": 2.661943780177312,
  "eps_growth": 0.3192583057708555,
  "pe_ratio": null,
  "fcf_yield": null,
  "revenue_growth": 0.2861894563378482,
  "profit_margin": 0.28911852689477885
}