{
  "roe": 0.042929027163398296,
  "debt_to_equity": 0.18935998199884835,
  "eps_growth": 0.18103219641245213,
  "pe_ratio": null,
  "fcf_yield": null,
  "revenue_growth": 0.21442160041134478,
  "profit_margin": 0.08702140508386833
}