{
  "roe": 0.09484231872171012,
  "debt_to_equity": 0.4920424768238699,
  "eps_growth": 0.0851524410030406,
  "pe_ratio": null,
  "fcf_yield": null,
  "revenue_growth": 0.024257532227775148,
  "profit_margin": 0.022926628997052667
}