{
  "roe": 0.38999933521620034,
  "debt_to_equity": 0.844042272322775,
  "eps_growth": 0.006250816920384273,
  "pe_ratio": 24.49190897196815,
  "fcf_yield": 0.006882251853582787,
  "revenue_growth": 0.1468284714791746,
  "profit_margin": 0.22036020436790324
}