{
  "roe": 0.10549502409992112,
  "debt_to_equity": 0.12164388920450099,
  "eps_growth": 0.4222418778484292,
  "pe_ratio": 12.28309896485538,
  "fcf_yield": 0.0019854665836365228,
  "revenue_growth": -0.08338577609393127,
  "profit_margin": 0.08309607041680482
}