{
  "roe": 0.0013817746412725712,
  "debt_to_equity": 0.8967716251333212,
  "eps_growth": -0.11347616448982176,
  "pe_ratio": null,
  "fcf_yield": null,
  "revenue_growth": -0.3539931188130063,
  "profit_margin": 0.002507839660015957
}