{
  "roe": 0.022976623499670164,
  "debt_to_equity": 0.1886104309378406,
  "eps_growth": -1.3430960014618678,
  "pe_ratio": null,
  "fcf_yield": null,
  "revenue_growth": -0.29219161856182946,
  "profit_margin": 0.015060545289268886
}