{
  "roe": 0.0922876089919609,
  "debt_to_equity": 2.211938570316936,
  "eps_growth": -0.6013256084601195,
  "pe_ratio": null,
  "fcf_yield": null,
  "revenue_growth": -0.19046312018343778,
  "profit_margin": 0.012166109193917115
}