{
  "roe": 0.33609629281393727,
  "debt_to_equity": 1.03312060774045,
  "eps_growth": 16.726815551007252,
  "pe_ratio": null,
  "fcf_yield": null,
  "revenue_growth": 0.6873666531619342,
  "profit_margin": 0.22478809639880218
}