{
  "roe": 0.0580586209468005,
  "debt_to_equity": 0.35433790418323613,
  "eps_growth": 0.19318819001343776,
  "pe_ratio": null,
  "fcf_yield": null,
  "revenue_growth": -0.36677953620472936,
  "profit_margin": 0.05151648276402542
}