{
  "roe": 0.040200751052567235,
  "debt_to_equity": 1.7406805740977807,
  "eps_growth": 0.2949657097121583,
  "pe_ratio": null,
  "fcf_yield": null,
  "revenue_growth": 0.49502872679175797,
  "profit_margin": 0.012722499148394052
}