{
  "roe": 0.2756709260256761,
  "debt_to_equity": 0.07444824302641166,
  "eps_growth": 1.035056075571069,
  "pe_ratio": null,
  "fcf_yield": null,
  "revenue_growth": -1.0,
  "profit_margin": 4.331834209001515
}