{
  "roe": -0.11227486012160001,
  "debt_to_equity": 0.8114023385192589,
  "eps_growth": -2.600654772354223,
  "pe_ratio": null,
  "fcf_yield": null,
  "revenue_growth": -0.6085432643258482,
  "profit_margin": -0.052564684844542305
}