{
  "roe": 0.11965624987953866,
  "debt_to_equity": 3.2775182102233913,
  "eps_growth": 0.8070779833618876,
  "pe_ratio": 11.525150987297769,
  "fcf_yield": 0.07176305709505593,
  "revenue_growth": null,
  "profit_margin": null
}