{
  "roe": 0.15217973356334294,
  "debt_to_equity": 0.12680866138915578,
  "eps_growth": -0.7007068415406331,
  "pe_ratio": null,
  "fcf_yield": null,
  "revenue_growth": 0.3155653107566263,
  "profit_margin": 0.10556918275531814
}