{
  "roe": 0.13363846983825722,
  "debt_to_equity": 8.389051817897771,
  "eps_growth": -0.12470844752171001,
  "pe_ratio": 7.856881212423523,
  "fcf_yield": 0.7204382565074752,
  "revenue_growth": null,
  "profit_margin": null
}