{
  "roe": 0.29215736301291684,
  "debt_to_equity": 0.8838025441881688,
  "eps_growth": -0.11304221604928281,
  "pe_ratio": 5.702802870424118,
  "fcf_yield": 0.012990587844700438,
  "revenue_growth": -0.21896576315633584,
  "profit_margin": 0.12084562181502087
}