{
  "roe": 0.1676094042862738,
  "debt_to_equity": 1.8255636350108848,
  "eps_growth": 1.0863174207843445,
  "pe_ratio": 13.612481223932583,
  "fcf_yield": 0.027871282967774323,
  "revenue_growth": 0.19297117231626915,
  "profit_margin": 0.08938945959080194
}