{
  "roe": 0.1676094042862738,
  "debt_to_equity": 1.8255636350108848,
  "eps_growth": 0.21872684293209235,
  "pe_ratio": 14.39566555236594,
  "fcf_yield": 0.026354968772068044,
  "revenue_growth": 0.3114698549942834,
  "profit_margin": 0.08938945959080194
}