{
  "roe": 0.019552822843574427,
  "debt_to_equity": 1.931261680627515,
  "eps_growth": 1.3120697154072798,
  "pe_ratio": null,
  "fcf_yield": null,
  "revenue_growth": 0.2962814500527064,
  "profit_margin": 0.014984387896062913
}