{
  "roe": 0.1114787214934584,
  "debt_to_equity": 0.6055713594010367,
  "eps_growth": -0.5101159098893445,
  "pe_ratio": null,
  "fcf_yield": null,
  "revenue_growth": -0.031159792942827287,
  "profit_margin": 0.04541592209564084
}