{
  "roe": 0.23049195159818342,
  "debt_to_equity": 1.3375103363199792,
  "eps_growth": 1.3520936430509458,
  "pe_ratio": 14.077270431056354,
  "fcf_yield": 0.03194296355774613,
  "revenue_growth": 0.3611605630040025,
  "profit_margin": 0.049817083406794076
}