{
  "roe": 0.23049195159818342,
  "debt_to_equity": 1.3375103363199792,
  "eps_growth": 0.6636552478867301,
  "pe_ratio": 13.953164329285265,
  "fcf_yield": 0.03222707951829907,
  "revenue_growth": 0.23503430974974265,
  "profit_margin": 0.049817083406794076
}