{
  "roe": 0.18302549055320533,
  "debt_to_equity": 15.580832215841992,
  "eps_growth": 0.3489953053189234,
  "pe_ratio": 5.469553359491201,
  "fcf_yield": 3.342493416447014,
  "revenue_growth": null,
  "profit_margin": null
}