{
  "roe": 0.23022454895870614,
  "debt_to_equity": 2.3316884992492235,
  "eps_growth": 0.19327239864682194,
  "pe_ratio": null,
  "fcf_yield": null,
  "revenue_growth": 0.019019133577192242,
  "profit_margin": 0.08910010081264419
}