{
  "roe": 0.07306222688563901,
  "debt_to_equity": 3.7096354874074025,
  "eps_growth": 0.45765854823747204,
  "pe_ratio": null,
  "fcf_yield": null,
  "revenue_growth": 0.011968616266272963,
  "profit_margin": 0.010558298626055826
}