{
  "roe": 0.1029678654155504,
  "debt_to_equity": 0.17257535881924088,
  "eps_growth": 0.6766748854346789,
  "pe_ratio": null,
  "fcf_yield": null,
  "revenue_growth": 0.25017883822346926,
  "profit_margin": 0.10686562640446998
}