{
  "roe": 0.13699330835892204,
  "debt_to_equity": 0.11248520783499219,
  "eps_growth": -0.8036719327585433,
  "pe_ratio": null,
  "fcf_yield": null,
  "revenue_growth": -0.42235912024721467,
  "profit_margin": 0.13829588302034773
}