{
  "roe": 0.004890069092569145,
  "debt_to_equity": 3.4013168384566455,
  "eps_growth": -0.24394584283856727,
  "pe_ratio": 195.14925687947127,
  "fcf_yield": -0.4997476155484409,
  "revenue_growth": -0.740885747511558,
  "profit_margin": 0.34327789820501814
}