{
  "roe": 0.06968254275342385,
  "debt_to_equity": 3.3698953958039075,
  "eps_growth": -0.6248835948344036,
  "pe_ratio": null,
  "fcf_yield": null,
  "revenue_growth": -0.41289914167328784,
  "profit_margin": 0.015553993852994795
}