{
  "roe": 0.03172201145377152,
  "debt_to_equity": 0.19785199853788143,
  "eps_growth": 9.604386579939401,
  "pe_ratio": null,
  "fcf_yield": null,
  "revenue_growth": -0.8240144517901623,
  "profit_margin": 0.019769582650232865
}