{
  "roe": 0.1487862392886266,
  "debt_to_equity": 0.6863048791272515,
  "eps_growth": 0.0036481531187599484,
  "pe_ratio": null,
  "fcf_yield": null,
  "revenue_growth": -0.03372964681102264,
  "profit_margin": 0.031065059819094763
}