{
  "roe": 0.5253068396237447,
  "debt_to_equity": 0.17188566819698106,
  "eps_growth": 0.6561231866579976,
  "pe_ratio": 5.630658771332833,
  "fcf_yield": 0.15640596795226416,
  "revenue_growth": 0.3379826121969934,
  "profit_margin": 0.33915957173294314
}