{
  "roe": 0.09971004717103983,
  "debt_to_equity": 0.051490749240575936,
  "eps_growth": -1.087871692740898,
  "pe_ratio": null,
  "fcf_yield": null,
  "revenue_growth": 0.7780081101813169,
  "profit_margin": 3.223383992599867
}