{
  "roe": 0.036098996626941715,
  "debt_to_equity": 0.6403456347360053,
  "eps_growth": 0.18357311712306157,
  "pe_ratio": null,
  "fcf_yield": null,
  "revenue_growth": 0.4571878869818197,
  "profit_margin": 0.05433625251923481
}