{
  "roe": 0.2504739640429533,
  "debt_to_equity": 0.6589003473886608,
  "eps_growth": -0.24264012872014146,
  "pe_ratio": null,
  "fcf_yield": null,
  "revenue_growth": 0.11850070100367971,
  "profit_margin": 0.08709993084840677
}