{
  "roe": 0.40314813794141063,
  "debt_to_equity": 0.5070048747332193,
  "eps_growth": 2.3578697940469606,
  "pe_ratio": null,
  "fcf_yield": null,
  "revenue_growth": 0.7393918928965912,
  "profit_margin": 0.11820182910934428
}