{
  "roe": 0.060118594531819995,
  "debt_to_equity": 0.6386162748475122,
  "eps_growth": -0.976277155891238,
  "pe_ratio": null,
  "fcf_yield": null,
  "revenue_growth": -0.7640615717515974,
  "profit_margin": 0.21429846635952396
}