{
  "roe": 0.0984219149409926,
  "debt_to_equity": 0.4426278254127233,
  "eps_growth": 1.9572735417198377,
  "pe_ratio": null,
  "fcf_yield": null,
  "revenue_growth": 1.7214125315742264,
  "profit_margin": 0.05419597817522596
}