{
  "roe": 0.07520545296802186,
  "debt_to_equity": 0.4231349190537088,
  "eps_growth": 0.13124659334512304,
  "pe_ratio": null,
  "fcf_yield": null,
  "revenue_growth": 0.11823045175240439,
  "profit_margin": 0.060684654044251704
}