{
  "roe": 0.09602341894434978,
  "debt_to_equity": 0.32138771460823873,
  "eps_growth": 3.599367635739403,
  "pe_ratio": 6.641212747867543,
  "fcf_yield": 0.11809511933436799,
  "revenue_growth": -0.2861293815353162,
  "profit_margin": 0.10226107824647943
}