{
  "roe": 0.020002147684118628,
  "debt_to_equity": 1.0959781369340138,
  "eps_growth": -0.7656832803018027,
  "pe_ratio": 41.05925741080336,
  "fcf_yield": -0.3294736070876581,
  "revenue_growth": -0.143649236006703,
  "profit_margin": 0.010955657486614707
}