{
  "roe": 0.020002147684118628,
  "debt_to_equity": 1.0959781369340138,
  "eps_growth": -0.9022830882091099,
  "pe_ratio": 39.744189424851776,
  "fcf_yield": -0.34037533131872383,
  "revenue_growth": -0.42383397798058864,
  "profit_margin": 0.010955657486614707
}