{
  "roe": 0.06344415873439445,
  "debt_to_equity": 0.7366588934701594,
  "eps_growth": 0.12281485258671392,
  "pe_ratio": 13.640575505720651,
  "fcf_yield": -0.03548002277516892,
  "revenue_growth": 0.6560628607132005,
  "profit_margin": 0.16792403410120343
}