{
  "roe": 0.06344415873439445,
  "debt_to_equity": 0.7366588934701594,
  "eps_growth": -0.31490530619548845,
  "pe_ratio": 13.230332566693557,
  "fcf_yield": -0.03658017870448213,
  "revenue_growth": 4.07112997182405,
  "profit_margin": 0.16792403410120343
}