{
  "roe": 0.3007445584528946,
  "debt_to_equity": 0.1927582291797844,
  "eps_growth": 0.9660018231798566,
  "pe_ratio": null,
  "fcf_yield": null,
  "revenue_growth": 0.8375384956393641,
  "profit_margin": 0.3880504080343161
}