{
  "roe": 0.014772047826471292,
  "debt_to_equity": 0.9055611440526492,
  "eps_growth": -0.9623995839524944,
  "pe_ratio": 25.303033957208623,
  "fcf_yield": -0.7919710860225854,
  "revenue_growth": -0.19072372360578815,
  "profit_margin": 0.004861535915586655
}