{
  "roe": 0.009905414082314408,
  "debt_to_equity": 0.635322575474264,
  "eps_growth": 1.5043745131020076,
  "pe_ratio": null,
  "fcf_yield": null,
  "revenue_growth": 7.030065079781697,
  "profit_margin": 0.1240384004679053
}