{
  "roe": 0.1399695258404192,
  "debt_to_equity": 0.6023809846722308,
  "eps_growth": -0.2965986863777528,
  "pe_ratio": 5.553263975068452,
  "fcf_yield": 0.3664446035766741,
  "revenue_growth": -0.4256559555630435,
  "profit_margin": 0.10029506731439278
}