{
  "roe": 0.017026014154955152,
  "debt_to_equity": 2.8687158398607893,
  "eps_growth": 0.4930053326206017,
  "pe_ratio": null,
  "fcf_yield": null,
  "revenue_growth": 0.05756698771032848,
  "profit_margin": 0.003440227866825949
}