{
  "roe": 0.12673268253368325,
  "debt_to_equity": 0.8122833204363556,
  "eps_growth": -0.0870724422901619,
  "pe_ratio": null,
  "fcf_yield": null,
  "revenue_growth": -0.22166854952096018,
  "profit_margin": 0.025503373213536497
}