{
  "roe": 0.2526697670493903,
  "debt_to_equity": 0.9027840972057348,
  "eps_growth": -0.4483391450416096,
  "pe_ratio": 5.177387810704788,
  "fcf_yield": 0.3068633100178087,
  "revenue_growth": 0.0434356173888877,
  "profit_margin": 0.14630282294996755
}