{
  "roe": 0.2526697670493903,
  "debt_to_equity": 0.9027840972057348,
  "eps_growth": 0.4729937348124955,
  "pe_ratio": 5.166083469607712,
  "fcf_yield": 0.3075347833974059,
  "revenue_growth": -0.0065940639923961755,
  "profit_margin": 0.14630282294996755
}