{
  "roe": 0.22047133088039697,
  "debt_to_equity": 3.822117353499512,
  "eps_growth": -0.404256101148137,
  "pe_ratio": 11.3684577593303,
  "fcf_yield": 0.46846112948822594,
  "revenue_growth": 0.22081921460102694,
  "profit_margin": 0.4401100583354008
}