{
  "roe": 0.34136049081577824,
  "debt_to_equity": 0.05926972395996382,
  "eps_growth": 0.3520263544708816,
  "pe_ratio": null,
  "fcf_yield": null,
  "revenue_growth": 0.2180907086648193,
  "profit_margin": 0.5195822516401486
}