{
  "roe": 0.015778563220473753,
  "debt_to_equity": 0.1817113269544688,
  "eps_growth": -0.977488952296237,
  "pe_ratio": 75.42591662790039,
  "fcf_yield": -0.27860727635691956,
  "revenue_growth": -0.9967613709253575,
  "profit_margin": 1.385241681139345
}