{
  "roe": 0.24478490445499584,
  "debt_to_equity": 0.5109862001027503,
  "eps_growth": 0.06791307075902395,
  "pe_ratio": null,
  "fcf_yield": null,
  "revenue_growth": -0.12035420788208076,
  "profit_margin": 0.14876010964130543
}