{
  "roe": 0.004732866009040936,
  "debt_to_equity": 11.564565971579775,
  "eps_growth": 3.506852744226798,
  "pe_ratio": null,
  "fcf_yield": null,
  "revenue_growth": null,
  "profit_margin": null
}