{
  "roe": 0.053435563443441886,
  "debt_to_equity": 3.230614802398679,
  "eps_growth": 5.52712270245803,
  "pe_ratio": 10.820146490041651,
  "fcf_yield": -0.16687672691071856,
  "revenue_growth": 0.8520405472685764,
  "profit_margin": 0.36440769747657875
}