{
  "roe": 0.053435563443441886,
  "debt_to_equity": 3.230614802398679,
  "eps_growth": 1.1277882722572923,
  "pe_ratio": 10.645627564530526,
  "fcf_yield": -0.1696124178689769,
  "revenue_growth": 1.2595620888806498,
  "profit_margin": 0.36440769747657875
}