{
  "roe": 0.18142919244647832,
  "debt_to_equity": 0.9249645626268803,
  "eps_growth": 5.933310228184848,
  "pe_ratio": null,
  "fcf_yield": null,
  "revenue_growth": 0.48386143854012387,
  "profit_margin": 0.20743284180667973
}