{
  "roe": 0.12242768372953731,
  "debt_to_equity": 8.85933225999206,
  "eps_growth": 0.3601694885547349,
  "pe_ratio": 7.167434230705426,
  "fcf_yield": 1.0300918915269535,
  "revenue_growth": null,
  "profit_margin": null
}