{
  "roe": 0.12242768372953731,
  "debt_to_equity": 8.85933225999206,
  "eps_growth": 0.3601694885547349,
  "pe_ratio": 7.790689743976412,
  "fcf_yield": 0.947684496075697,
  "revenue_growth": null,
  "profit_margin": null
}