{
  "roe": 0.12242768372953731,
  "debt_to_equity": 8.85933225999206,
  "eps_growth": 0.22985260547132835,
  "pe_ratio": 6.980458018455874,
  "fcf_yield": 1.0576835881803046,
  "revenue_growth": null,
  "profit_margin": null
}