{
  "roe": 0.0560264839387917,
  "debt_to_equity": 0.8154579099630433,
  "eps_growth": 0.19306384765979995,
  "pe_ratio": null,
  "fcf_yield": null,
  "revenue_growth": 0.16385775495540145,
  "profit_margin": 0.09914978011604608
}