{
  "roe": 0.07253144112683385,
  "debt_to_equity": 1.2874574356070185,
  "eps_growth": 0.29485374888153665,
  "pe_ratio": 6.372929494372619,
  "fcf_yield": 0.15221572631969876,
  "revenue_growth": 0.08669790928203032,
  "profit_margin": 0.11836017144360103
}