{
  "roe": 0.020616310203066993,
  "debt_to_equity": 3.1923054581907597,
  "eps_growth": 0.7517004930939356,
  "pe_ratio": null,
  "fcf_yield": null,
  "revenue_growth": -0.2196636345431139,
  "profit_margin": 0.004337135743361476
}