{
  "roe": 0.11273094770583407,
  "debt_to_equity": 0.3090893181579968,
  "eps_growth": -0.11589256670755323,
  "pe_ratio": null,
  "fcf_yield": null,
  "revenue_growth": 0.0017857026814988776,
  "profit_margin": 0.09930930082624567
}