{
  "roe": 0.02077682237259227,
  "debt_to_equity": 0.9052961355198172,
  "eps_growth": -0.6646595385843468,
  "pe_ratio": 51.865232601912766,
  "fcf_yield": 0.08434610863431682,
  "revenue_growth": -0.5157831431293188,
  "profit_margin": 0.12187224999590843
}