{
  "roe": 0.10578438318525714,
  "debt_to_equity": 1.760840655773269,
  "eps_growth": -0.35397625184848724,
  "pe_ratio": null,
  "fcf_yield": null,
  "revenue_growth": 0.03323424558481074,
  "profit_margin": 0.030703850166533948
}