{
  "roe": 0.17032349407381828,
  "debt_to_equity": 0.5792498954505952,
  "eps_growth": 2.218619319414569,
  "pe_ratio": 3.4373047231760134,
  "fcf_yield": 2.2744987612376,
  "revenue_growth": 0.11727031961716124,
  "profit_margin": 0.09521125942669668
}