{
  "roe": 0.17032349407381828,
  "debt_to_equity": 0.5792498954505952,
  "eps_growth": 1.5406232411119594,
  "pe_ratio": 4.271169394602468,
  "fcf_yield": 1.8304460939291907,
  "revenue_growth": -0.06455382640909323,
  "profit_margin": 0.09521125942669668
}