{
  "roe": 0.10812457543096644,
  "debt_to_equity": 1.0859798326863228,
  "eps_growth": -0.29879658164266604,
  "pe_ratio": null,
  "fcf_yield": null,
  "revenue_growth": -0.40976388211543197,
  "profit_margin": 0.0244285017849098
}