{
  "roe": 0.1527558890510599,
  "debt_to_equity": 1.7668764527042988,
  "eps_growth": 3.4918334829616398,
  "pe_ratio": 5.929334350453055,
  "fcf_yield": 0.11453062183841133,
  "revenue_growth": 1.6937827993383257,
  "profit_margin": 0.10363832826065483
}