{
  "roe": 0.1631222637366941,
  "debt_to_equity": 1.7363756151456986,
  "eps_growth": 0.4202087811444857,
  "pe_ratio": 5.277282695879113,
  "fcf_yield": -0.003396229974715337,
  "revenue_growth": -0.3098565466244077,
  "profit_margin": 0.11056993692241432
}