{
  "roe": 0.14672887057879822,
  "debt_to_equity": 2.067968234877767,
  "eps_growth": -0.006618410634451315,
  "pe_ratio": null,
  "fcf_yield": null,
  "revenue_growth": 0.056398586064736196,
  "profit_margin": 0.007559681517267403
}