{
  "roe": 0.07624129010480707,
  "debt_to_equity": 0.0587397750891924,
  "eps_growth": 0.8398865920156813,
  "pe_ratio": null,
  "fcf_yield": null,
  "revenue_growth": -0.47890199235598613,
  "profit_margin": 0.15120798303361666
}