{
  "roe": 0.08243088860926638,
  "debt_to_equity": 3.4893918262469836,
  "eps_growth": -0.08051841123563355,
  "pe_ratio": null,
  "fcf_yield": null,
  "revenue_growth": 0.6635419646201193,
  "profit_margin": 0.08198542132555386
}