{
  "roe": 0.3219567694381725,
  "debt_to_equity": 0.29438226624392083,
  "eps_growth": 3.939613190494254,
  "pe_ratio": null,
  "fcf_yield": null,
  "revenue_growth": 0.3164476435440496,
  "profit_margin": 0.13279838414163517
}