{
  "roe": 0.3017042951368224,
  "debt_to_equity": 0.3340135404753767,
  "eps_growth": 0.29509890719536386,
  "pe_ratio": 12.91587822360938,
  "fcf_yield": 0.05531809553147286,
  "revenue_growth": 0.16837805559477959,
  "profit_margin": 0.2804055714741744
}