{
  "roe": 0.04791384399403071,
  "debt_to_equity": 1.118516180483291,
  "eps_growth": 1.763041056437093,
  "pe_ratio": 26.702952872890155,
  "fcf_yield": -0.2018460864456059,
  "revenue_growth": 11.638163130554535,
  "profit_margin": 0.6068498056402469
}