{
  "roe": 0.04791384399403071,
  "debt_to_equity": 1.118516180483291,
  "eps_growth": 1.763041056437093,
  "pe_ratio": 24.712671125867505,
  "fcf_yield": -0.21810214308612594,
  "revenue_growth": 11.638163130554535,
  "profit_margin": 0.6068498056402469
}