{
  "roe": 0.04791384399403071,
  "debt_to_equity": 1.118516180483291,
  "eps_growth": 1.1194171264376314,
  "pe_ratio": 26.288311277998737,
  "fcf_yield": -0.20502977452360133,
  "revenue_growth": 4.235786683844117,
  "profit_margin": 0.6068498056402469
}