{
  "roe": 0.089468081775463,
  "debt_to_equity": 1.0959560659443233,
  "eps_growth": -0.3707522487258613,
  "pe_ratio": 7.57617961445089,
  "fcf_yield": -0.3325649212954605,
  "revenue_growth": 0.14158681047691218,
  "profit_margin": 0.046779212956464325
}