{
  "roe": -0.01224332897554304,
  "debt_to_equity": 4.936541470168837,
  "eps_growth": -2.3635947635196253,
  "pe_ratio": null,
  "fcf_yield": null,
  "revenue_growth": -0.48267911992490914,
  "profit_margin": -0.0017848210699024408
}