{
  "roe": 0.1499925897162301,
  "debt_to_equity": 3.989764602691888,
  "eps_growth": 1.253506599029306,
  "pe_ratio": 13.099717633902877,
  "fcf_yield": -0.5505666817641783,
  "revenue_growth": 0.35537459084560674,
  "profit_margin": 0.016972995932597917
}