{
  "roe": 0.12692141521543643,
  "debt_to_equity": 2.988372078148293,
  "eps_growth": -0.2439895083707919,
  "pe_ratio": null,
  "fcf_yield": null,
  "revenue_growth": 0.2368218706107028,
  "profit_margin": 0.02414327771285186
}