{
  "roe": 0.15204366153640436,
  "debt_to_equity": 1.2013673370514986,
  "eps_growth": -0.44469993051830287,
  "pe_ratio": 9.61103973303326,
  "fcf_yield": -0.07194229343613087,
  "revenue_growth": -0.14114525769169348,
  "profit_margin": 0.02049455917365869
}