{
  "roe": 0.12382056836933865,
  "debt_to_equity": 3.776272751437518,
  "eps_growth": -0.138552419291994,
  "pe_ratio": 7.984297838958443,
  "fcf_yield": 0.06325779807141392,
  "revenue_growth": null,
  "profit_margin": null
}