{
  "roe": 0.015528779352426591,
  "debt_to_equity": 0.5313910267506169,
  "eps_growth": -0.9605678227592952,
  "pe_ratio": null,
  "fcf_yield": null,
  "revenue_growth": -0.6698685011082776,
  "profit_margin": 0.016221197037236065
}