{
  "roe": 0.1109453807287853,
  "debt_to_equity": 1.3116082245878657,
  "eps_growth": -0.0943002401245616,
  "pe_ratio": null,
  "fcf_yield": null,
  "revenue_growth": -0.12058298259548263,
  "profit_margin": 0.019299137129380816
}