{
  "roe": 0.23441206297585915,
  "debt_to_equity": 1.8473679228271085,
  "eps_growth": 3.5070043246827507,
  "pe_ratio": 5.8875408872892905,
  "fcf_yield": 0.07185292323574914,
  "revenue_growth": -0.17932009681599048,
  "profit_margin": 0.10087040135374692
}