{
  "roe": 0.036163393752339484,
  "debt_to_equity": 4.6976207550240225,
  "eps_growth": 3.629496730406891,
  "pe_ratio": null,
  "fcf_yield": null,
  "revenue_growth": -0.2994805267809536,
  "profit_margin": 0.015442351874656382
}