{
  "roe": 0.20278140051453922,
  "debt_to_equity": 0.1912406846776891,
  "eps_growth": -0.1430396317287271,
  "pe_ratio": null,
  "fcf_yield": null,
  "revenue_growth": 0.3873484433711668,
  "profit_margin": 0.07926331843575649
}