{
  "roe": 0.15024701919599126,
  "debt_to_equity": 0.42824817756463923,
  "eps_growth": 2.0112917464051625,
  "pe_ratio": 13.225937127117724,
  "fcf_yield": 0.07368180562785497,
  "revenue_growth": 0.2727129349125243,
  "profit_margin": 0.3480137492400722
}