{
  "roe": 0.15024701919599126,
  "debt_to_equity": 0.42824817756463923,
  "eps_growth": 3.0534063696498794,
  "pe_ratio": 12.567631743459115,
  "fcf_yield": 0.07754133384388096,
  "revenue_growth": 0.7221037749774993,
  "profit_margin": 0.3480137492400722
}