{
  "roe": 0.15024701919599126,
  "debt_to_equity": 0.42824817756463923,
  "eps_growth": 3.0534063696498794,
  "pe_ratio": 13.525166215429735,
  "fcf_yield": 0.0720516785616121,
  "revenue_growth": 0.7221037749774993,
  "profit_margin": 0.3480137492400722
}