{
  "roe": 0.19585410205040277,
  "debt_to_equity": 0.5209638157947729,
  "eps_growth": -1.6200202799768717,
  "pe_ratio": null,
  "fcf_yield": null,
  "revenue_growth": -0.5720491782668019,
  "profit_margin": 0.06847652639246928
}