{
  "roe": 0.0914242105098063,
  "debt_to_equity": 0.0458997858757428,
  "eps_growth": 10.118181696499676,
  "pe_ratio": null,
  "fcf_yield": null,
  "revenue_growth": 0.8516912881782736,
  "profit_margin": 0.24146037956691843
}