{
  "roe": 0.2497547629849827,
  "debt_to_equity": 0.5270996845289202,
  "eps_growth": 1.2114795193764534,
  "pe_ratio": null,
  "fcf_yield": null,
  "revenue_growth": 0.3200449717741873,
  "profit_margin": 0.03161885928135761
}