{
  "roe": 0.07617410117132298,
  "debt_to_equity": 0.7355128611330694,
  "eps_growth": -0.6424843473113874,
  "pe_ratio": null,
  "fcf_yield": null,
  "revenue_growth": 0.14595980834729144,
  "profit_margin": 0.03471059876671628
}