{
  "roe": -0.006392246714623505,
  "debt_to_equity": 1.9478542398241836,
  "eps_growth": 9.211695603170897,
  "pe_ratio": null,
  "fcf_yield": null,
  "revenue_growth": 0.08237310772175739,
  "profit_margin": -0.0010284006917742798
}