{
  "roe": 0.0235771604915088,
  "debt_to_equity": 1.957059569678608,
  "eps_growth": -0.9157039007548942,
  "pe_ratio": null,
  "fcf_yield": null,
  "revenue_growth": 0.10077789522292957,
  "profit_margin": 0.00857826794314236
}