{
  "roe": 0.07455681421429824,
  "debt_to_equity": 2.6723653615883634,
  "eps_growth": -1.5144174368847092,
  "pe_ratio": 23.453018317719277,
  "fcf_yield": 0.2590834308747112,
  "revenue_growth": 0.3417443604047771,
  "profit_margin": 0.006320594218493443
}