{
  "roe": 0.07455681421429824,
  "debt_to_equity": 2.6723653615883634,
  "eps_growth": -1.465088439979977,
  "pe_ratio": 23.423516965076196,
  "fcf_yield": 0.2594097401846927,
  "revenue_growth": 0.2895120386097512,
  "profit_margin": 0.006320594218493443
}