{
  "roe": 0.15754395046123645,
  "debt_to_equity": 1.192674440957808,
  "eps_growth": 1.665777285151005,
  "pe_ratio": null,
  "fcf_yield": null,
  "revenue_growth": 0.2514889082939689,
  "profit_margin": 0.0093529802341529
}