{
  "roe": 0.3231491476283929,
  "debt_to_equity": 0.5476561632218226,
  "eps_growth": -0.05190381765251839,
  "pe_ratio": null,
  "fcf_yield": null,
  "revenue_growth": 0.010453613105498421,
  "profit_margin": 0.1475055569903418
}