{
  "roe": 0.048540316230757614,
  "debt_to_equity": 1.209304322744751,
  "eps_growth": 0.32654265450615994,
  "pe_ratio": null,
  "fcf_yield": null,
  "revenue_growth": -0.11145927598016937,
  "profit_margin": 0.020055978102374562
}