{
  "roe": 0.11370170306543809,
  "debt_to_equity": 3.0885001399658396,
  "eps_growth": -0.1474326753525634,
  "pe_ratio": null,
  "fcf_yield": null,
  "revenue_growth": -0.07361635822135344,
  "profit_margin": 0.0125707987101492
}