{
  "roe": 0.1693719080083384,
  "debt_to_equity": 0.9342499311262327,
  "eps_growth": -0.010857228603161588,
  "pe_ratio": null,
  "fcf_yield": null,
  "revenue_growth": -0.07787995447346985,
  "profit_margin": 0.02497548744187246
}