{
  "roe": 0.009937742777547397,
  "debt_to_equity": 1.9405083138996484,
  "eps_growth": 5.674913951298858,
  "pe_ratio": null,
  "fcf_yield": null,
  "revenue_growth": 0.003780855685398629,
  "profit_margin": 0.00313204269010946
}