{
  "roe": 0.25124173578085035,
  "debt_to_equity": 0.36744347868327576,
  "eps_growth": 2.357928038701952,
  "pe_ratio": 9.094040961395796,
  "fcf_yield": 0.1120053551222517,
  "revenue_growth": 1.2743614488528627,
  "profit_margin": 0.08496124980703937
}