{
  "roe": 0.25124173578085035,
  "debt_to_equity": 0.36744347868327576,
  "eps_growth": 2.425320223591304,
  "pe_ratio": 9.64562382219495,
  "fcf_yield": 0.10560035371000523,
  "revenue_growth": 0.8117214079695031,
  "profit_margin": 0.08496124980703937
}