{
  "roe": 0.06770051680795806,
  "debt_to_equity": 7.537929053694874,
  "eps_growth": 0.9102077037440944,
  "pe_ratio": null,
  "fcf_yield": null,
  "revenue_growth": -0.6651749354344573,
  "profit_margin": 0.011794236257365736
}