{
  "roe": 0.0928670740711878,
  "debt_to_equity": 1.3188621593780747,
  "eps_growth": 1.9449666304297175,
  "pe_ratio": 10.919502814702378,
  "fcf_yield": -0.05308394946789221,
  "revenue_growth": 0.3138740041541772,
  "profit_margin": 0.0996543095415592
}