{
  "roe": 0.0457207308461655,
  "debt_to_equity": 0.18978267284757006,
  "eps_growth": 0.020235475198212026,
  "pe_ratio": 15.032835733723884,
  "fcf_yield": 0.05260525956410183,
  "revenue_growth": -0.27176672466952284,
  "profit_margin": 0.03054868110677799
}