{
  "roe": 0.0457207308461655,
  "debt_to_equity": 0.18978267284757006,
  "eps_growth": 14.714696689243127,
  "pe_ratio": 14.971352583419295,
  "fcf_yield": 0.052821294625902036,
  "revenue_growth": -0.07319822918162178,
  "profit_margin": 0.03054868110677799
}