{
  "roe": 0.10943486906756189,
  "debt_to_equity": 0.10157665438412981,
  "eps_growth": 42.277123453455275,
  "pe_ratio": null,
  "fcf_yield": null,
  "revenue_growth": 93.89595557039594,
  "profit_margin": 0.012053651941174663
}