{
  "roe": 0.16730835161715113,
  "debt_to_equity": 0.2578256428101081,
  "eps_growth": 1.347847591457552,
  "pe_ratio": null,
  "fcf_yield": null,
  "revenue_growth": 0.014972057913317367,
  "profit_margin": 0.1745777260618281
}