{
  "roe": 0.08823880603296158,
  "debt_to_equity": 0.30778169695484614,
  "eps_growth": -0.05246818875397832,
  "pe_ratio": null,
  "fcf_yield": null,
  "revenue_growth": 0.29985085573516895,
  "profit_margin": 0.03471857435616217
}