{
  "roe": 0.03511486428101563,
  "debt_to_equity": 1.5108089991471132,
  "eps_growth": 0.5610870936435194,
  "pe_ratio": null,
  "fcf_yield": null,
  "revenue_growth": 0.012625451032937312,
  "profit_margin": 0.0015453168270486732
}