{
  "roe": 0.05708820501704941,
  "debt_to_equity": 1.871443911415874,
  "eps_growth": 1.4587509417022197,
  "pe_ratio": null,
  "fcf_yield": null,
  "revenue_growth": 0.005115867354215856,
  "profit_margin": 0.0020356468571451746
}