{
  "roe": 0.02257185607772866,
  "debt_to_equity": 1.6794629492259778,
  "eps_growth": -2.3762028784150857,
  "pe_ratio": null,
  "fcf_yield": null,
  "revenue_growth": 0.629069841863376,
  "profit_margin": 0.008340368909302327
}