{
  "roe": 0.15391471419855882,
  "debt_to_equity": 3.557662413889112,
  "eps_growth": 0.7444709183357238,
  "pe_ratio": null,
  "fcf_yield": null,
  "revenue_growth": null,
  "profit_margin": null
}