{
  "roe": 0.05940916269556428,
  "debt_to_equity": 1.5027424928790467,
  "eps_growth": -0.3634799476297473,
  "pe_ratio": null,
  "fcf_yield": null,
  "revenue_growth": 0.28730078817980614,
  "profit_margin": 0.00861953535761087
}