{
  "roe": 0.22726117336194096,
  "debt_to_equity": 5.218231035713969,
  "eps_growth": 2.2832141083537727,
  "pe_ratio": null,
  "fcf_yield": null,
  "revenue_growth": 0.807445390574043,
  "profit_margin": 0.019478957997131334
}