{
  "roe": 0.12309298346733027,
  "debt_to_equity": 1.6777706413250038,
  "eps_growth": -0.024106698486174923,
  "pe_ratio": null,
  "fcf_yield": null,
  "revenue_growth": 0.1819977857917341,
  "profit_margin": 0.005583784290652763
}