{
  "roe": 0.0799966355787722,
  "debt_to_equity": 4.30652530287472,
  "eps_growth": 2.484804299352234,
  "pe_ratio": null,
  "fcf_yield": null,
  "revenue_growth": 0.4821232074808646,
  "profit_margin": 0.12187074114023326
}