{
  "roe": 0.10614345861985544,
  "debt_to_equity": 3.405291689336747,
  "eps_growth": 10.199567576437133,
  "pe_ratio": null,
  "fcf_yield": null,
  "revenue_growth": 0.3054476600774937,
  "profit_margin": 0.007037222415281917
}