{
  "roe": 0.1507808696664894,
  "debt_to_equity": 0.790585406621197,
  "eps_growth": 0.3559672705715807,
  "pe_ratio": 7.104382878733614,
  "fcf_yield": -0.09437366881229235,
  "revenue_growth": 0.3026454888374797,
  "profit_margin": 0.0709019650710739
}