{
  "roe": 0.11339606006766755,
  "debt_to_equity": 0.017772098472585988,
  "eps_growth": -0.5236887044656515,
  "pe_ratio": null,
  "fcf_yield": null,
  "revenue_growth": 2.766443350055505,
  "profit_margin": 815.3197093
}