{
  "roe": 0.007204506054039616,
  "debt_to_equity": 0.48242736261355884,
  "eps_growth": -0.0692611603878476,
  "pe_ratio": null,
  "fcf_yield": null,
  "revenue_growth": -0.037571104712928974,
  "profit_margin": 0.0022309334818485104
}