{
  "roe": 0.1056308997434106,
  "debt_to_equity": 2.0808715467197425,
  "eps_growth": -0.5188509325357544,
  "pe_ratio": null,
  "fcf_yield": null,
  "revenue_growth": null,
  "profit_margin": null
}