{
  "roe": 0.005275577529019077,
  "debt_to_equity": 1.3108947604836556,
  "eps_growth": 0.48609325875801035,
  "pe_ratio": null,
  "fcf_yield": null,
  "revenue_growth": 1.1064526531285204,
  "profit_margin": 0.005177119154456132
}