{
  "roe": 0.09097033903989084,
  "debt_to_equity": 1.072032022151653,
  "eps_growth": 11.180935638137212,
  "pe_ratio": null,
  "fcf_yield": null,
  "revenue_growth": 0.0886089959082014,
  "profit_margin": 0.02657260262917098
}