{
  "roe": 0.22872649847580268,
  "debt_to_equity": 2.2503263331982586,
  "eps_growth": 1.8371999438142126,
  "pe_ratio": null,
  "fcf_yield": null,
  "revenue_growth": 0.005548292036488242,
  "profit_margin": 0.013930123640548107
}