{
  "roe": -0.013541477950556722,
  "debt_to_equity": 0.029073507591768688,
  "eps_growth": -7.749063439690239,
  "pe_ratio": null,
  "fcf_yield": null,
  "revenue_growth": null,
  "profit_margin": -0.023894868785952633
}