{
  "roe": 0.16920663707366332,
  "debt_to_equity": 2.4726317086866763,
  "eps_growth": 2.0093414955627025,
  "pe_ratio": null,
  "fcf_yield": null,
  "revenue_growth": 3.836194335144063,
  "profit_margin": 0.074195921054169
}