{
  "roe": 0.16920663707366332,
  "debt_to_equity": 2.4726317086866763,
  "eps_growth": -0.07469143193942546,
  "pe_ratio": null,
  "fcf_yield": null,
  "revenue_growth": 0.31722299864512554,
  "profit_margin": 0.074195921054169
}