{
  "roe": 0.04509545665294123,
  "debt_to_equity": 1.3664957416210477,
  "eps_growth": 0.6683535831422573,
  "pe_ratio": null,
  "fcf_yield": null,
  "revenue_growth": 0.5211832920439011,
  "profit_margin": 0.009069382224552364
}