{
  "roe": 0.06910511190724461,
  "debt_to_equity": 0.6932760769461561,
  "eps_growth": 1.2690807947247587,
  "pe_ratio": 13.900906405644312,
  "fcf_yield": -0.11009754484746516,
  "revenue_growth": 0.49016956590582766,
  "profit_margin": 0.09445266847916622
}