{
  "roe": 0.03107398085293545,
  "debt_to_equity": 2.1048434112360908,
  "eps_growth": 2.217379421466771,
  "pe_ratio": null,
  "fcf_yield": null,
  "revenue_growth": 0.010302894290888438,
  "profit_margin": 0.00241830360728206
}