{
  "roe": 0.15177650169574178,
  "debt_to_equity": 3.855746047305878,
  "eps_growth": 0.339198496854763,
  "pe_ratio": null,
  "fcf_yield": null,
  "revenue_growth": null,
  "profit_margin": null
}