{
  "roe": 0.1164228728225001,
  "debt_to_equity": 0.636475569887563,
  "eps_growth": 0.27743846088577123,
  "pe_ratio": 7.634296746952418,
  "fcf_yield": 0.3506575399637601,
  "revenue_growth": 0.791994874715507,
  "profit_margin": 0.08889851809837451
}