{
  "roe": 0.12332371503955904,
  "debt_to_equity": 1.4424002525217665,
  "eps_growth": 0.3807887185066298,
  "pe_ratio": null,
  "fcf_yield": null,
  "revenue_growth": 0.18199199765512925,
  "profit_margin": 0.05808997974480486
}