{
  "roe": 0.12332371503955904,
  "debt_to_equity": 1.4424002525217665,
  "eps_growth": 1.0802558182367539,
  "pe_ratio": null,
  "fcf_yield": null,
  "revenue_growth": 0.5613125683057135,
  "profit_margin": 0.05808997974480486
}