{
  "roe": 0.12128275766561081,
  "debt_to_equity": 0.8741367382307331,
  "eps_growth": 0.03976408181128255,
  "pe_ratio": 6.925566449185523,
  "fcf_yield": -0.0411862410161539,
  "revenue_growth": 0.3979099903036244,
  "profit_margin": 0.08301326999418586
}