{
  "roe": 0.037408608112326505,
  "debt_to_equity": 0.7615809033014315,
  "eps_growth": 1.9007946274284444,
  "pe_ratio": 19.081043768158217,
  "fcf_yield": -0.32696946548290334,
  "revenue_growth": 1.6172686399680436,
  "profit_margin": 0.41311382396242124
}