{
  "roe": 0.20345367657625546,
  "debt_to_equity": 0.36832495970236157,
  "eps_growth": 1.32971412583393,
  "pe_ratio": null,
  "fcf_yield": null,
  "revenue_growth": 0.46590145898637497,
  "profit_margin": 0.05755274276388412
}