{
  "roe": 0.16285070024954726,
  "debt_to_equity": 0.46245359269216213,
  "eps_growth": -0.03502771850534202,
  "pe_ratio": 8.060884743708467,
  "fcf_yield": 0.011955433363783352,
  "revenue_growth": 0.0770366022541398,
  "profit_margin": 0.12794898543565464
}