{
  "roe": 0.2493583395833209,
  "debt_to_equity": 0.7022782402706034,
  "eps_growth": 5.765660000654734,
  "pe_ratio": null,
  "fcf_yield": null,
  "revenue_growth": -0.4608891404506954,
  "profit_margin": 0.07974820558378548
}