{
  "roe": 0.09668120764917956,
  "debt_to_equity": 0.37740280666716847,
  "eps_growth": 2.379752462438648,
  "pe_ratio": null,
  "fcf_yield": null,
  "revenue_growth": -0.05383307249668377,
  "profit_margin": 0.04425640378913285
}