{
  "roe": 0.10719632526750289,
  "debt_to_equity": 1.4113024569830122,
  "eps_growth": -0.15076422294367267,
  "pe_ratio": 5.280359499632887,
  "fcf_yield": 0.5150771747959592,
  "revenue_growth": -0.1526607048409385,
  "profit_margin": 0.05685728784177794
}