{
  "roe": 0.027276842008682876,
  "debt_to_equity": 0.6889498615430939,
  "eps_growth": -0.7242155481265881,
  "pe_ratio": null,
  "fcf_yield": null,
  "revenue_growth": 0.018035394607804834,
  "profit_margin": 0.3363670771068571
}