{
  "roe": 0.13118634387617178,
  "debt_to_equity": 0.6335109207209529,
  "eps_growth": 0.27083338496675335,
  "pe_ratio": 9.975995112584648,
  "fcf_yield": 0.03965050716359806,
  "revenue_growth": -0.017010443380489588,
  "profit_margin": 0.31418151605552885
}