{
  "roe": 0.13118634387617178,
  "debt_to_equity": 0.6335109207209529,
  "eps_growth": 1.330034661611833,
  "pe_ratio": 9.747537326671015,
  "fcf_yield": 0.040579815436382276,
  "revenue_growth": 0.1327501349919606,
  "profit_margin": 0.31418151605552885
}