{
  "roe": 0.13118634387617178,
  "debt_to_equity": 0.6335109207209529,
  "eps_growth": 1.330034661611833,
  "pe_ratio": 9.557155197448493,
  "fcf_yield": 0.0413881806357146,
  "revenue_growth": 0.1327501349919606,
  "profit_margin": 0.31418151605552885
}