{
  "roe": 0.04873174502986428,
  "debt_to_equity": 3.0986618768126744,
  "eps_growth": -0.8855547917645155,
  "pe_ratio": 11.870590115050613,
  "fcf_yield": -0.8028082933659155,
  "revenue_growth": 0.2590031039419254,
  "profit_margin": 0.017208243563848157
}