{
  "roe": 0.27025975971234534,
  "debt_to_equity": 0.5609156336331437,
  "eps_growth": 24.185490368965617,
  "pe_ratio": null,
  "fcf_yield": null,
  "revenue_growth": 0.4016208954759458,
  "profit_margin": 0.524551663123405
}