{
  "roe": 0.1416077692990843,
  "debt_to_equity": 0.9522492114445156,
  "eps_growth": -0.41277696007751935,
  "pe_ratio": null,
  "fcf_yield": null,
  "revenue_growth": -0.36561791095909524,
  "profit_margin": 0.41604237833557495
}