{
  "roe": 0.0578470678359252,
  "debt_to_equity": 1.4439799609710295,
  "eps_growth": 0.023771097236929287,
  "pe_ratio": null,
  "fcf_yield": null,
  "revenue_growth": -0.32543998454677286,
  "profit_margin": 0.08997585455013511
}