{
  "roe": 0.20739905861301153,
  "debt_to_equity": 0.27582806775631347,
  "eps_growth": -0.004183617232531516,
  "pe_ratio": 12.240596342127528,
  "fcf_yield": 0.07719242456947689,
  "revenue_growth": -0.051019640307235464,
  "profit_margin": 0.18914645798816215
}