{
  "roe": 0.20739905861301153,
  "debt_to_equity": 0.27582806775631347,
  "eps_growth": -0.05571034110999709,
  "pe_ratio": 12.048937770411387,
  "fcf_yield": 0.07842029960063715,
  "revenue_growth": -0.20146533481195836,
  "profit_margin": 0.18914645798816215
}