{
  "roe": 0.2527608663133299,
  "debt_to_equity": 0.4713793069290493,
  "eps_growth": 0.067130065047751,
  "pe_ratio": null,
  "fcf_yield": null,
  "revenue_growth": 0.11512755640185797,
  "profit_margin": 0.06439051835739118
}