{
  "roe": 0.024116708191689446,
  "debt_to_equity": 0.5580810753376038,
  "eps_growth": -0.6736731388355263,
  "pe_ratio": 21.91178130027878,
  "fcf_yield": -0.19830275889229287,
  "revenue_growth": 0.08582777339222676,
  "profit_margin": 0.01702317469220804
}