{
  "roe": 0.0389098736906572,
  "debt_to_equity": 0.9557246129278476,
  "eps_growth": -0.33249283371869404,
  "pe_ratio": null,
  "fcf_yield": null,
  "revenue_growth": 0.1817595110706461,
  "profit_margin": 0.01335395087702316
}