{
  "roe": 0.15311616159969943,
  "debt_to_equity": 0.06655522673262673,
  "eps_growth": 0.871332862637961,
  "pe_ratio": null,
  "fcf_yield": null,
  "revenue_growth": 0.6328908979635198,
  "profit_margin": 0.42891613358297576
}