{
  "roe": 0.05055241416743299,
  "debt_to_equity": 1.4885356731933694,
  "eps_growth": -0.7628679848526805,
  "pe_ratio": 20.41228247802711,
  "fcf_yield": -0.4669858863573583,
  "revenue_growth": -0.8350171293743943,
  "profit_margin": 0.027862435417624176
}