{
  "roe": 0.06174728956636808,
  "debt_to_equity": 2.116495413241715,
  "eps_growth": 0.09358213977583622,
  "pe_ratio": 24.014433061205942,
  "fcf_yield": -0.12573366596073365,
  "revenue_growth": -0.13146065234301,
  "profit_margin": 0.028200792550068757
}