{
  "roe": 0.02286035919951525,
  "debt_to_equity": 0.9902071311298452,
  "eps_growth": -0.09444252899798426,
  "pe_ratio": null,
  "fcf_yield": null,
  "revenue_growth": 0.26537354193056706,
  "profit_margin": 0.017532579763012333
}