{
  "roe": 0.09787901408982885,
  "debt_to_equity": 6.233368425897665,
  "eps_growth": -0.09011915580301663,
  "pe_ratio": null,
  "fcf_yield": null,
  "revenue_growth": -0.5281590289962544,
  "profit_margin": 0.01847425610213284
}