{
  "roe": 0.20480092739278796,
  "debt_to_equity": 6.5012886237762855,
  "eps_growth": -0.5145170050289413,
  "pe_ratio": null,
  "fcf_yield": null,
  "revenue_growth": 0.20036831995057147,
  "profit_margin": 0.05099548117219473
}