{
  "roe": 0.04384800696615328,
  "debt_to_equity": 2.694413615803806,
  "eps_growth": -0.5429083501738705,
  "pe_ratio": null,
  "fcf_yield": null,
  "revenue_growth": -0.5511953812403082,
  "profit_margin": 0.028786388374450588
}