{
  "roe": 0.014372756600260182,
  "debt_to_equity": 1.4553338285300639,
  "eps_growth": 3.842530870240222,
  "pe_ratio": 28.855217202317867,
  "fcf_yield": -0.9597350651290898,
  "revenue_growth": 0.9976822215801534,
  "profit_margin": 0.060851101891306124
}