{
  "roe": 0.4348453641711684,
  "debt_to_equity": 0.20200978128961766,
  "eps_growth": -0.08342201485615953,
  "pe_ratio": 6.464691697810703,
  "fcf_yield": 0.14549490012785873,
  "revenue_growth": -0.06776469244140015,
  "profit_margin": 0.6275089560772376
}