{
  "roe": 0.4348453641711684,
  "debt_to_equity": 0.20200978128961766,
  "eps_growth": -0.08570379088993338,
  "pe_ratio": 6.376651008786303,
  "fcf_yield": 0.14750370870765134,
  "revenue_growth": 0.0298034469280276,
  "profit_margin": 0.6275089560772376
}