{
  "roe": 0.04865303464569488,
  "debt_to_equity": 2.2712097647560463,
  "eps_growth": 0.15732962901651074,
  "pe_ratio": null,
  "fcf_yield": null,
  "revenue_growth": -0.1932116626574439,
  "profit_margin": 0.007722017450728519
}