{
  "roe": 0.06102196095684809,
  "debt_to_equity": 0.8684691579456383,
  "eps_growth": -0.24176239776538194,
  "pe_ratio": null,
  "fcf_yield": null,
  "revenue_growth": -0.12606314788296,
  "profit_margin": 0.10133496560461158
}