{
  "roe": 0.043368429666933,
  "debt_to_equity": 0.8272107143850705,
  "eps_growth": -0.28441657806678505,
  "pe_ratio": null,
  "fcf_yield": null,
  "revenue_growth": -0.25988100245384627,
  "profit_margin": 0.031857716120608746
}