{
  "roe": 0.12560747183571866,
  "debt_to_equity": 0.5878512421892057,
  "eps_growth": 1.2542357369471837,
  "pe_ratio": null,
  "fcf_yield": null,
  "revenue_growth": -0.08467608476463927,
  "profit_margin": 0.07886498482629259
}