{
  "roe": 0.058499585614175696,
  "debt_to_equity": 1.726783928122713,
  "eps_growth": 2.8429807677571035,
  "pe_ratio": null,
  "fcf_yield": null,
  "revenue_growth": -0.4479036383500832,
  "profit_margin": 0.051169898045996726
}