{
  "roe": 0.22888124081479413,
  "debt_to_equity": 0.04700810515234903,
  "eps_growth": 0.6360619558992837,
  "pe_ratio": null,
  "fcf_yield": null,
  "revenue_growth": 0.5297901994589759,
  "profit_margin": 0.5182910884001274
}