{
  "roe": 0.1022787361503156,
  "debt_to_equity": 0.4154619952754216,
  "eps_growth": -0.8937501212226586,
  "pe_ratio": null,
  "fcf_yield": null,
  "revenue_growth": -0.9226233570011545,
  "profit_margin": 0.03356720326226263
}