{
  "roe": 0.14169082488051837,
  "debt_to_equity": 0.4485830961897287,
  "eps_growth": 0.7508580948301746,
  "pe_ratio": null,
  "fcf_yield": null,
  "revenue_growth": -0.07739758548050749,
  "profit_margin": 0.0171356310653487
}