{
  "roe": 0.052787955096990864,
  "debt_to_equity": 1.9596539107708761,
  "eps_growth": 0.22757489063204211,
  "pe_ratio": 14.185060544329797,
  "fcf_yield": -0.37136661384874775,
  "revenue_growth": 1.275906264006205,
  "profit_margin": 0.01358555476042041
}