{
  "roe": 0.11919033665224842,
  "debt_to_equity": 0.17631212552969922,
  "eps_growth": -0.08245023047439386,
  "pe_ratio": null,
  "fcf_yield": null,
  "revenue_growth": 0.1091408753234884,
  "profit_margin": 0.08247879582421494
}