{
  "roe": 0.12333767708289953,
  "debt_to_equity": 0.5116667362939731,
  "eps_growth": -0.2686606634579755,
  "pe_ratio": null,
  "fcf_yield": null,
  "revenue_growth": -0.022834533301284092,
  "profit_margin": 0.0711085579698093
}