{
  "roe": 0.2540774954241251,
  "debt_to_equity": 0.40629645763856637,
  "eps_growth": -0.09632586455082916,
  "pe_ratio": null,
  "fcf_yield": null,
  "revenue_growth": 0.02204902032490388,
  "profit_margin": 0.17350205725032936
}