{
  "roe": 0.019279870300096685,
  "debt_to_equity": 0.30591098909336906,
  "eps_growth": 0.4214366999549377,
  "pe_ratio": null,
  "fcf_yield": null,
  "revenue_growth": -0.8502620418005381,
  "profit_margin": 0.007902729264284477
}