{
  "roe": 0.10811150069210686,
  "debt_to_equity": 0.1747637572505547,
  "eps_growth": 1.6433469394507456,
  "pe_ratio": null,
  "fcf_yield": null,
  "revenue_growth": 0.25185181885364255,
  "profit_margin": 0.3225105525564804
}