{
  "roe": 0.1444806808742028,
  "debt_to_equity": 0.22206336319809883,
  "eps_growth": 0.036532644352523826,
  "pe_ratio": 7.883715380815289,
  "fcf_yield": -0.08780948677010265,
  "revenue_growth": 0.022243211240139827,
  "profit_margin": 0.15515998359898364
}