{
  "roe": 0.04553456324510783,
  "debt_to_equity": 0.9094554848469465,
  "eps_growth": 1.4826336920451597,
  "pe_ratio": null,
  "fcf_yield": null,
  "revenue_growth": -0.5137060190591429,
  "profit_margin": 0.30549681066981327
}