{
  "roe": -0.009783125764703545,
  "debt_to_equity": 2.1263469682460836,
  "eps_growth": -0.9410554574632735,
  "pe_ratio": null,
  "fcf_yield": null,
  "revenue_growth": -0.7553950518524944,
  "profit_margin": -0.022505565709640678
}