{
  "roe": 0.038123714864079825,
  "debt_to_equity": 1.3628427189755905,
  "eps_growth": 0.16701402909678176,
  "pe_ratio": null,
  "fcf_yield": null,
  "revenue_growth": 0.1753838308693379,
  "profit_margin": 0.014273870584974079
}