{
  "roe": 0.16995767060030784,
  "debt_to_equity": 11.980214798001205,
  "eps_growth": 0.021679788773969335,
  "pe_ratio": 5.247581165550387,
  "fcf_yield": 0.5844513778630855,
  "revenue_growth": null,
  "profit_margin": null
}