{
  "roe": 0.16995767060030784,
  "debt_to_equity": 11.980214798001205,
  "eps_growth": 0.6304528380488283,
  "pe_ratio": 5.266733004509632,
  "fcf_yield": 0.5823260909615552,
  "revenue_growth": null,
  "profit_margin": null
}