{
  "roe": 0.16995767060030784,
  "debt_to_equity": 11.980214798001205,
  "eps_growth": 0.6304528380488283,
  "pe_ratio": 5.3241881773073265,
  "fcf_yield": 0.5760420068783882,
  "revenue_growth": null,
  "profit_margin": null
}