{
  "roe": 0.03598855938690613,
  "debt_to_equity": 3.4727800241845004,
  "eps_growth": 3.26409126005316,
  "pe_ratio": null,
  "fcf_yield": null,
  "revenue_growth": 13.24152153444244,
  "profit_margin": 0.027929372494654346
}