{
  "roe": 0.036068048601084556,
  "debt_to_equity": 3.271632255358612,
  "eps_growth": 0.6252728118149901,
  "pe_ratio": null,
  "fcf_yield": null,
  "revenue_growth": -0.3618312919668124,
  "profit_margin": 0.00676471093431447
}