{
  "roe": -0.0014407758154866281,
  "debt_to_equity": 2.4235292404068005,
  "eps_growth": -0.9575068931884455,
  "pe_ratio": null,
  "fcf_yield": null,
  "revenue_growth": -0.1340162060151808,
  "profit_margin": -0.0006592223268270123
}