{
  "roe": 0.24716991577041147,
  "debt_to_equity": 0.040817721981905364,
  "eps_growth": 0.1224461305620475,
  "pe_ratio": 10.85247609019043,
  "fcf_yield": 0.10623757696063495,
  "revenue_growth": -0.024613961474679938,
  "profit_margin": 0.4755148674813016
}