{
  "roe": 0.10303525039927723,
  "debt_to_equity": 0.7562474092189928,
  "eps_growth": -0.3454269877193991,
  "pe_ratio": null,
  "fcf_yield": null,
  "revenue_growth": 0.02594552284477486,
  "profit_margin": 0.3573950288973615
}