{
  "roe": 0.23016875849822427,
  "debt_to_equity": 3.753400368255807,
  "eps_growth": 0.12212974778942838,
  "pe_ratio": 8.840563862029564,
  "fcf_yield": 0.14023942042212137,
  "revenue_growth": 0.01659517873838712,
  "profit_margin": 0.16115522412022035
}