{
  "roe": 0.23016875849822427,
  "debt_to_equity": 3.753400368255807,
  "eps_growth": 0.07769520689478016,
  "pe_ratio": 8.738360913944831,
  "fcf_yield": 0.1418796458998723,
  "revenue_growth": 0.11974879209902918,
  "profit_margin": 0.16115522412022035
}