{
  "roe": 0.04847868662323456,
  "debt_to_equity": 2.1655329424658176,
  "eps_growth": -1.3293553668683793,
  "pe_ratio": null,
  "fcf_yield": null,
  "revenue_growth": 0.7339666712635591,
  "profit_margin": 0.012687609231176379
}