{
  "roe": 0.1583140546166386,
  "debt_to_equity": 0.2529542826289076,
  "eps_growth": -0.17007710447039773,
  "pe_ratio": 5.69158536653989,
  "fcf_yield": 0.17495176974607632,
  "revenue_growth": -0.2582530716883523,
  "profit_margin": 0.3725709403830993
}