{
  "roe": 0.11089042455229159,
  "debt_to_equity": 1.7891608080194374,
  "eps_growth": -0.5398342005470357,
  "pe_ratio": null,
  "fcf_yield": null,
  "revenue_growth": -0.6599847813031762,
  "profit_margin": 0.09215020631881357
}