{
  "roe": 0.13029691955444728,
  "debt_to_equity": 1.2097011041010375,
  "eps_growth": 2.332606417509112,
  "pe_ratio": 31.532421366989205,
  "fcf_yield": -0.02322340268157288,
  "revenue_growth": 1.6659838999996348,
  "profit_margin": 0.5099111768966004
}