{
  "roe": 0.06189808561668377,
  "debt_to_equity": 0.016624693351909085,
  "eps_growth": -0.08910422100013658,
  "pe_ratio": 10.487835962829994,
  "fcf_yield": 0.08783543178652643,
  "revenue_growth": 0.004869852234337987,
  "profit_margin": 0.13071564942000216
}