{
  "roe": 0.16280592610656588,
  "debt_to_equity": 0.14293592681929218,
  "eps_growth": -0.9307216765185207,
  "pe_ratio": null,
  "fcf_yield": null,
  "revenue_growth": -0.5696145389679763,
  "profit_margin": 0.2479059401665611
}