{
  "roe": 0.06442360165301315,
  "debt_to_equity": 0.6331889088460531,
  "eps_growth": -0.9464578606564704,
  "pe_ratio": null,
  "fcf_yield": null,
  "revenue_growth": -0.4999336868806927,
  "profit_margin": 0.19495950632012643
}