{
  "roe": 0.2716731525289582,
  "debt_to_equity": 0.42504395165879744,
  "eps_growth": -0.4896971398860366,
  "pe_ratio": null,
  "fcf_yield": null,
  "revenue_growth": -0.18707074015093036,
  "profit_margin": 0.1311264368067852
}