{
  "roe": 0.20948469017202068,
  "debt_to_equity": 3.145828647719543,
  "eps_growth": 1.212073649663221,
  "pe_ratio": null,
  "fcf_yield": null,
  "revenue_growth": -0.45021890132141046,
  "profit_margin": 0.0344191481563137
}