{
  "roe": -0.02470382075837132,
  "debt_to_equity": 0.8805339642692496,
  "eps_growth": -1.5553058387706094,
  "pe_ratio": null,
  "fcf_yield": null,
  "revenue_growth": -0.9553145659359277,
  "profit_margin": -0.005541857835491243
}