{
  "roe": 0.3435513474927988,
  "debt_to_equity": 0.7282272325774185,
  "eps_growth": 8.225486337180866,
  "pe_ratio": null,
  "fcf_yield": null,
  "revenue_growth": -0.9453853141768869,
  "profit_margin": 1.4235019780846974
}