{
  "roe": 0.18070076175375283,
  "debt_to_equity": 2.0761668759566008,
  "eps_growth": 2.1791306210378374,
  "pe_ratio": null,
  "fcf_yield": null,
  "revenue_growth": -0.012990540392686094,
  "profit_margin": 0.02610190723161472
}