{
  "roe": -0.0020405133485974884,
  "debt_to_equity": 0.19079932519730716,
  "eps_growth": 1.5066862910549403,
  "pe_ratio": null,
  "fcf_yield": null,
  "revenue_growth": -0.36161834457082404,
  "profit_margin": -0.007492002715729939
}