{
  "roe": 0.05432981298943446,
  "debt_to_equity": 1.2340869674468147,
  "eps_growth": -0.9174080196561641,
  "pe_ratio": null,
  "fcf_yield": null,
  "revenue_growth": 0.05373598000209034,
  "profit_margin": 0.020340132392165547
}