{
  "roe": 0.0753990060259487,
  "debt_to_equity": 8.719877048631993,
  "eps_growth": -0.19623588601997705,
  "pe_ratio": 15.731536615080039,
  "fcf_yield": 0.7784171016012242,
  "revenue_growth": null,
  "profit_margin": null
}