{
  "roe": 0.0753990060259487,
  "debt_to_equity": 8.719877048631993,
  "eps_growth": -0.19623588601997705,
  "pe_ratio": 16.27967408308512,
  "fcf_yield": 0.7522077575476552,
  "revenue_growth": null,
  "profit_margin": null
}