{
  "roe": 0.0753990060259487,
  "debt_to_equity": 8.719877048631993,
  "eps_growth": -0.01998191083364585,
  "pe_ratio": 15.645441436953352,
  "fcf_yield": 0.7827006470217406,
  "revenue_growth": null,
  "profit_margin": null
}