{
  "roe": 0.031190135044074325,
  "debt_to_equity": 0.47029825789162905,
  "eps_growth": -0.9983087266176541,
  "pe_ratio": null,
  "fcf_yield": null,
  "revenue_growth": -0.7007067491002928,
  "profit_margin": 0.03968506362430032
}