{
  "roe": 0.11446153323562015,
  "debt_to_equity": 1.3473149327357714,
  "eps_growth": 0.5058007215364594,
  "pe_ratio": 15.060214238332422,
  "fcf_yield": -0.0337266804271929,
  "revenue_growth": 0.37757862682315635,
  "profit_margin": 0.32549195309044643
}