{
  "roe": 0.11446153323562015,
  "debt_to_equity": 1.3473149327357714,
  "eps_growth": 0.5058007215364594,
  "pe_ratio": 14.539004459741166,
  "fcf_yield": -0.03493575053145973,
  "revenue_growth": 0.37757862682315635,
  "profit_margin": 0.32549195309044643
}