{
  "roe": -0.18205538108766164,
  "debt_to_equity": 1.5132007053761651,
  "eps_growth": -1.1693464318492701,
  "pe_ratio": null,
  "fcf_yield": null,
  "revenue_growth": -0.8746983276569712,
  "profit_margin": -0.0405702517810869
}