{
  "roe": -0.02553037964614476,
  "debt_to_equity": 0.22348513689745025,
  "eps_growth": -1.0742522657398406,
  "pe_ratio": null,
  "fcf_yield": null,
  "revenue_growth": -0.9720824982182509,
  "profit_margin": -0.09782232990868055
}