{
  "roe": 0.07526151693690467,
  "debt_to_equity": 12.982090310736224,
  "eps_growth": -0.45244501827828193,
  "pe_ratio": 28.52175273169689,
  "fcf_yield": 0.28462346152028933,
  "revenue_growth": null,
  "profit_margin": null
}