{
  "roe": 0.07526151693690467,
  "debt_to_equity": 12.982090310736224,
  "eps_growth": -0.27215379731803774,
  "pe_ratio": 27.299391330526365,
  "fcf_yield": 0.2973678018250824,
  "revenue_growth": null,
  "profit_margin": null
}