{
  "roe": 0.04722456496142276,
  "debt_to_equity": 0.13290724488047095,
  "eps_growth": -1.4762192746802683,
  "pe_ratio": null,
  "fcf_yield": null,
  "revenue_growth": -0.7944612053728398,
  "profit_margin": 0.017971367832306875
}