{
  "roe": 0.12232684289747481,
  "debt_to_equity": 0.38068172799368155,
  "eps_growth": 0.8249496490719904,
  "pe_ratio": 8.88704456176352,
  "fcf_yield": -0.08845368312261721,
  "revenue_growth": 0.10844119000955806,
  "profit_margin": 0.12508556313329086
}