{
  "roe": -0.011639127716241692,
  "debt_to_equity": 1.3981127250855507,
  "eps_growth": 0.38206488249619275,
  "pe_ratio": null,
  "fcf_yield": -0.24450753200937272,
  "revenue_growth": -0.11507668557312899,
  "profit_margin": -0.01610775831654021
}