{
  "roe": 0.06576156160536122,
  "debt_to_equity": 0.21706479138790172,
  "eps_growth": 6.945884215930148,
  "pe_ratio": null,
  "fcf_yield": null,
  "revenue_growth": -0.01903418330635513,
  "profit_margin": 0.04698260357260452
}