{
  "roe": 0.1653643875756509,
  "debt_to_equity": 2.5569637525419853,
  "eps_growth": -0.6107716325982768,
  "pe_ratio": null,
  "fcf_yield": null,
  "revenue_growth": 0.19519767010996608,
  "profit_margin": 0.017447963959670524
}