{
  "roe": 0.004998343592640479,
  "debt_to_equity": 0.25264258903371967,
  "eps_growth": -0.9183496764077932,
  "pe_ratio": 92.76926348600806,
  "fcf_yield": 0.03802773994330409,
  "revenue_growth": -0.4334942298773377,
  "profit_margin": 0.003979061667643953
}