{
  "roe": 0.0031333138809420333,
  "debt_to_equity": 0.0056648319105888694,
  "eps_growth": -0.0007748752180287295,
  "pe_ratio": null,
  "fcf_yield": null,
  "revenue_growth": -1.0,
  "profit_margin": 0.052913821208325065
}