{
  "roe": 0.09423849782505189,
  "debt_to_equity": 0.028523487411348074,
  "eps_growth": -0.9752991752366053,
  "pe_ratio": null,
  "fcf_yield": null,
  "revenue_growth": 9.242204150023978,
  "profit_margin": 1.0795894539328255
}