{
  "roe": 0.255993556162354,
  "debt_to_equity": 1.499557068642603,
  "eps_growth": -0.015659424043865697,
  "pe_ratio": null,
  "fcf_yield": null,
  "revenue_growth": 0.12213858859240725,
  "profit_margin": 0.3814774517596072
}