{
  "roe": 0.07316635638758998,
  "debt_to_equity": 1.5878507452563149,
  "eps_growth": -0.8322712913645921,
  "pe_ratio": 17.952883215558373,
  "fcf_yield": -0.11537790889876608,
  "revenue_growth": -0.6115433847335954,
  "profit_margin": 0.2998719700549115
}