{
  "roe": 0.07316635638758998,
  "debt_to_equity": 1.5878507452563149,
  "eps_growth": -0.8322712913645921,
  "pe_ratio": 19.02241763541059,
  "fcf_yield": -0.10777513105834388,
  "revenue_growth": -0.6115433847335954,
  "profit_margin": 0.2998719700549115
}