{
  "roe": 0.2041339065552554,
  "debt_to_equity": 2.0399388513058625,
  "eps_growth": -0.07260949218317875,
  "pe_ratio": null,
  "fcf_yield": null,
  "revenue_growth": 0.11130689755014668,
  "profit_margin": 0.26683521369351115
}