{
  "roe": 0.12106065563732764,
  "debt_to_equity": 1.539053529021262,
  "eps_growth": 21.594632737562378,
  "pe_ratio": 18.47348736448697,
  "fcf_yield": -0.11230390524453454,
  "revenue_growth": 0.10042236597842333,
  "profit_margin": 0.19954156117892255
}