{
  "roe": 0.21276038691951193,
  "debt_to_equity": 0.2208018816330678,
  "eps_growth": 1.7062961872319111,
  "pe_ratio": 7.050415269197608,
  "fcf_yield": 0.046590154882858885,
  "revenue_growth": 0.5256143928994266,
  "profit_margin": 0.485774281194868
}