{
  "roe": 0.14404779063357925,
  "debt_to_equity": 5.376880602689569,
  "eps_growth": 0.10850326508843426,
  "pe_ratio": 8.524703998204322,
  "fcf_yield": 0.1666109305291683,
  "revenue_growth": null,
  "profit_margin": null
}