{
  "roe": 0.14404779063357925,
  "debt_to_equity": 5.376880602689569,
  "eps_growth": 0.09494439639486357,
  "pe_ratio": 8.485176729942662,
  "fcf_yield": 0.1673870693364028,
  "revenue_growth": null,
  "profit_margin": null
}