{
  "roe": 0.14404779063357925,
  "debt_to_equity": 5.376880602689569,
  "eps_growth": 0.10850326508843426,
  "pe_ratio": 8.366594925157674,
  "fcf_yield": 0.1697594873818726,
  "revenue_growth": null,
  "profit_margin": null
}