{
  "roe": 0.14404779063357925,
  "debt_to_equity": 5.376880602689569,
  "eps_growth": 0.09494439639486357,
  "pe_ratio": 8.57740723051703,
  "fcf_yield": 0.16558720222275491,
  "revenue_growth": null,
  "profit_margin": null
}