{
  "roe": 0.028804738245991047,
  "debt_to_equity": 1.3950575374672594,
  "eps_growth": -0.4876438845497735,
  "pe_ratio": null,
  "fcf_yield": null,
  "revenue_growth": -0.16621092491032208,
  "profit_margin": 0.09608278302795867
}