{
  "roe": 0.017853045461020102,
  "debt_to_equity": 0.5206995712516677,
  "eps_growth": -0.5965421974294765,
  "pe_ratio": 52.646134396327604,
  "fcf_yield": 0.13477313380328076,
  "revenue_growth": -0.5242784475154998,
  "profit_margin": 0.17715676083547768
}