{
  "roe": -0.0014866576414656312,
  "debt_to_equity": 1.1566095683189352,
  "eps_growth": -0.9597639316115081,
  "pe_ratio": null,
  "fcf_yield": -0.47178105646909957,
  "revenue_growth": 0.3072804824864117,
  "profit_margin": -0.005047913528190448
}