{
  "roe": 0.2349865097034051,
  "debt_to_equity": 0.5765172562246244,
  "eps_growth": -0.34970452404076735,
  "pe_ratio": null,
  "fcf_yield": null,
  "revenue_growth": -0.013337427075877633,
  "profit_margin": 0.0891590463782258
}