{
  "roe": 0.10530569664220163,
  "debt_to_equity": 0.7238583118815767,
  "eps_growth": -0.08714850179645266,
  "pe_ratio": 9.388832638181919,
  "fcf_yield": 0.08206841170884013,
  "revenue_growth": 0.19309942360803226,
  "profit_margin": 0.0710103955306302
}