{
  "roe": 0.035619613581796175,
  "debt_to_equity": 2.559686897713697,
  "eps_growth": 4.225341680278149,
  "pe_ratio": null,
  "fcf_yield": null,
  "revenue_growth": -0.5302880700273861,
  "profit_margin": 0.015350410652281979
}