{
  "roe": 0.0035678014768232183,
  "debt_to_equity": 1.5292271532811392,
  "eps_growth": -1.5953936357018208,
  "pe_ratio": null,
  "fcf_yield": null,
  "revenue_growth": -0.22869388685141728,
  "profit_margin": 0.0014144842612628208
}