{
  "roe": 0.06006610122971468,
  "debt_to_equity": 0.031796566419067654,
  "eps_growth": 2.6378094167465265,
  "pe_ratio": 10.978795268871274,
  "fcf_yield": 0.01804349453340722,
  "revenue_growth": 3.354897116991583,
  "profit_margin": 0.5445735450375733
}