{
  "roe": 0.12801336869547678,
  "debt_to_equity": 0.9501175647381016,
  "eps_growth": -0.1154737429906578,
  "pe_ratio": 22.759210430693262,
  "fcf_yield": -0.17231403565003964,
  "revenue_growth": 0.24605256936847722,
  "profit_margin": 0.48614143094334455
}