{
  "roe": 0.581084691146563,
  "debt_to_equity": 2.657322168522358,
  "eps_growth": 1.2060904868288143,
  "pe_ratio": null,
  "fcf_yield": null,
  "revenue_growth": 1.37140591041462,
  "profit_margin": 0.6728618742249699
}