{
  "roe": 0.07002493554482773,
  "debt_to_equity": 0.28393939616232544,
  "eps_growth": 1.3540474237255877,
  "pe_ratio": 34.20497965547181,
  "fcf_yield": -4.741594478197128e-05,
  "revenue_growth": -0.5816107593386346,
  "profit_margin": 0.38889123653333907
}