{
  "roe": 0.07002493554482773,
  "debt_to_equity": 0.28393939616232544,
  "eps_growth": 1.3238057389878874,
  "pe_ratio": 33.733187235696604,
  "fcf_yield": -4.807910427438181e-05,
  "revenue_growth": -0.21610037149282066,
  "profit_margin": 0.38889123653333907
}