{
  "roe": 0.09214781256261266,
  "debt_to_equity": 2.7176690357751894,
  "eps_growth": 0.03276048039364894,
  "pe_ratio": 23.627722657925656,
  "fcf_yield": 0.011939038839885861,
  "revenue_growth": 0.43954063619280737,
  "profit_margin": 0.022058591852260553
}