{
  "roe": 0.0714219847599813,
  "debt_to_equity": 1.3588806513114438,
  "eps_growth": 1.5174918112884554,
  "pe_ratio": null,
  "fcf_yield": null,
  "revenue_growth": 0.35805892746057655,
  "profit_margin": 0.028656963295250155
}