{
  "roe": 0.21656086983835818,
  "debt_to_equity": 1.606500361537068,
  "eps_growth": -0.37802511792531207,
  "pe_ratio": null,
  "fcf_yield": null,
  "revenue_growth": -0.05008818032607535,
  "profit_margin": 0.04369399919174104
}