{
  "roe": 0.016763354699568692,
  "debt_to_equity": 0.2555130238124557,
  "eps_growth": 405.05993149105575,
  "pe_ratio": null,
  "fcf_yield": null,
  "revenue_growth": -0.9386898382684616,
  "profit_margin": 0.4502185475489307
}