{
  "roe": 0.08516773080896375,
  "debt_to_equity": 0.042597151327002515,
  "eps_growth": -0.7421225220437245,
  "pe_ratio": null,
  "fcf_yield": null,
  "revenue_growth": 0.21588126033913843,
  "profit_margin": 0.4468349660698647
}