{
  "roe": 0.27761133250438025,
  "debt_to_equity": 0.7605641922056035,
  "eps_growth": -0.3180614892913105,
  "pe_ratio": null,
  "fcf_yield": null,
  "revenue_growth": 0.1675818379784587,
  "profit_margin": 0.14371419003108832
}