{
  "roe": 0.032239520801065846,
  "debt_to_equity": 0.9808430154304997,
  "eps_growth": -2.8078285116914596,
  "pe_ratio": null,
  "fcf_yield": null,
  "revenue_growth": -0.06178851913516371,
  "profit_margin": 0.002574175130713243
}