{
  "roe": 0.023492263726133843,
  "debt_to_equity": 0.027774691009277947,
  "eps_growth": -0.1410167249622308,
  "pe_ratio": null,
  "fcf_yield": null,
  "revenue_growth": -0.050735216998150603,
  "profit_margin": 0.10462998836309939
}