{
  "roe": 0.2068284982030554,
  "debt_to_equity": 1.9480471328978168,
  "eps_growth": 0.7689358770219054,
  "pe_ratio": null,
  "fcf_yield": null,
  "revenue_growth": 0.18850362984358476,
  "profit_margin": 0.06997315821743408
}