{
  "roe": 0.013794524609533596,
  "debt_to_equity": 4.381938632219541,
  "eps_growth": -0.49015028411046246,
  "pe_ratio": null,
  "fcf_yield": null,
  "revenue_growth": 0.19235087570899212,
  "profit_margin": 0.0013305174101354165
}