{
  "roe": 0.12189656890157874,
  "debt_to_equity": 0.13606802417225694,
  "eps_growth": -0.455635319593801,
  "pe_ratio": null,
  "fcf_yield": null,
  "revenue_growth": -0.18688484262610383,
  "profit_margin": 1.591824306878973
}