{
  "roe": 0.14891991828437784,
  "debt_to_equity": 0.44681836635606137,
  "eps_growth": 0.511937252298583,
  "pe_ratio": null,
  "fcf_yield": null,
  "revenue_growth": 0.09471212800333072,
  "profit_margin": 0.5041487299046095
}