{
  "roe": 0.026601348375970127,
  "debt_to_equity": 0.01189445651981194,
  "eps_growth": 1.6951566163089193,
  "pe_ratio": null,
  "fcf_yield": null,
  "revenue_growth": 0.6266163689907858,
  "profit_margin": 1.2407048410780486
}