{
  "roe": 0.04137868519612326,
  "debt_to_equity": 0.536291888761507,
  "eps_growth": -0.6210475574254134,
  "pe_ratio": null,
  "fcf_yield": null,
  "revenue_growth": -0.3676341047197335,
  "profit_margin": 0.0377994401531379
}