{
  "roe": 0.08727246584360619,
  "debt_to_equity": 0.3924644438627512,
  "eps_growth": 2.6567197624798533,
  "pe_ratio": null,
  "fcf_yield": null,
  "revenue_growth": 0.25168606875078525,
  "profit_margin": 0.12088663508507475
}