{
  "roe": 0.2015501984185465,
  "debt_to_equity": 0.4354853764631591,
  "eps_growth": -0.47726909087513586,
  "pe_ratio": 9.819830989617843,
  "fcf_yield": 0.05165862393207428,
  "revenue_growth": -0.19727718582667822,
  "profit_margin": 0.1102041252225159
}