{
  "roe": 0.2015501984185465,
  "debt_to_equity": 0.4354853764631591,
  "eps_growth": -0.5197391054282243,
  "pe_ratio": 9.719832274865933,
  "fcf_yield": 0.05219009359667103,
  "revenue_growth": -0.17153304371347047,
  "profit_margin": 0.1102041252225159
}