{
  "roe": 0.007197588071243858,
  "debt_to_equity": 1.0651673484353636,
  "eps_growth": 1.041887273739709,
  "pe_ratio": null,
  "fcf_yield": null,
  "revenue_growth": -0.36801171862891957,
  "profit_margin": 0.0018063718778658982
}