{
  "roe": 0.007197588071243858,
  "debt_to_equity": 1.0651673484353636,
  "eps_growth": 0.20700644266921137,
  "pe_ratio": null,
  "fcf_yield": null,
  "revenue_growth": -0.4509287826549063,
  "profit_margin": 0.0018063718778658982
}