{
  "roe": 0.07303828110983844,
  "debt_to_equity": 4.098892851877673,
  "eps_growth": -0.5997020927884584,
  "pe_ratio": null,
  "fcf_yield": null,
  "revenue_growth": -0.28079298686290133,
  "profit_margin": 0.002279160827483461
}