{
  "roe": 0.05373518274184761,
  "debt_to_equity": 1.4465457201204628,
  "eps_growth": 0.3076448738048938,
  "pe_ratio": null,
  "fcf_yield": null,
  "revenue_growth": 0.19463895703478984,
  "profit_margin": 0.0039516383411593884
}