{
  "roe": 0.19190817231729132,
  "debt_to_equity": 0.20216676426221317,
  "eps_growth": -0.12468753220267285,
  "pe_ratio": 9.361198286120059,
  "fcf_yield": 0.11461308456667177,
  "revenue_growth": -0.018745920380396342,
  "profit_margin": 0.4330711011495375
}