{
  "roe": 0.293818515158225,
  "debt_to_equity": 5.836590428610385,
  "eps_growth": 1.3213725491724282,
  "pe_ratio": null,
  "fcf_yield": null,
  "revenue_growth": -0.3694054047603596,
  "profit_margin": 0.03148212741861858
}