{
  "roe": 0.06753967812334737,
  "debt_to_equity": 0.5334955834559009,
  "eps_growth": -0.7448254874325566,
  "pe_ratio": null,
  "fcf_yield": null,
  "revenue_growth": -0.395934903253818,
  "profit_margin": 0.01249463255487627
}