{
  "roe": 0.17215706034963799,
  "debt_to_equity": 0.6178930179808753,
  "eps_growth": -0.47985064032458813,
  "pe_ratio": null,
  "fcf_yield": null,
  "revenue_growth": 0.116195210252802,
  "profit_margin": 0.1769430453088516
}