{
  "roe": 0.1493104380947299,
  "debt_to_equity": 0.08681547257591618,
  "eps_growth": 0.08511436731463728,
  "pe_ratio": null,
  "fcf_yield": null,
  "revenue_growth": 0.8000573775824805,
  "profit_margin": 0.3139878973381234
}