{
  "roe": 0.20520192459520756,
  "debt_to_equity": 2.75147795438352,
  "eps_growth": -0.31490843350104264,
  "pe_ratio": null,
  "fcf_yield": null,
  "revenue_growth": -0.10178183268018035,
  "profit_margin": 0.04486444393014472
}