{
  "roe": -0.06128786950744859,
  "debt_to_equity": 0.7298312347975875,
  "eps_growth": -2.202725070120957,
  "pe_ratio": null,
  "fcf_yield": -0.30060494154155554,
  "revenue_growth": -0.09710040033609378,
  "profit_margin": -0.19632320062074685
}