{
  "roe": 0.09431187121155972,
  "debt_to_equity": 0.6270045074953615,
  "eps_growth": 71.11749558964839,
  "pe_ratio": null,
  "fcf_yield": null,
  "revenue_growth": 0.06882615084289162,
  "profit_margin": 0.05182753013077191
}