{
  "roe": 0.047428683544273056,
  "debt_to_equity": 0.38461689875504707,
  "eps_growth": 33.5688491634242,
  "pe_ratio": null,
  "fcf_yield": null,
  "revenue_growth": -0.2791457997025325,
  "profit_margin": 0.027532029879394578
}