{
  "roe": 0.20129446072859478,
  "debt_to_equity": 0.9797472683466416,
  "eps_growth": 0.28548943412422917,
  "pe_ratio": null,
  "fcf_yield": null,
  "revenue_growth": 0.5387781469004116,
  "profit_margin": 0.09121569270234407
}