{
  "roe": 0.154005205195169,
  "debt_to_equity": 9.97484879456392,
  "eps_growth": 0.10486687215405117,
  "pe_ratio": 5.999953109448485,
  "fcf_yield": 1.3513541954697403,
  "revenue_growth": null,
  "profit_margin": null
}