{
  "roe": 0.154005205195169,
  "debt_to_equity": 9.97484879456392,
  "eps_growth": 0.032290666935034525,
  "pe_ratio": 5.8499539415202495,
  "fcf_yield": 1.3860043836461131,
  "revenue_growth": null,
  "profit_margin": null
}