{
  "roe": 0.02465203155971835,
  "debt_to_equity": 0.9360592580304671,
  "eps_growth": -0.6440211971706108,
  "pe_ratio": 25.14782570803559,
  "fcf_yield": -0.08754827968337915,
  "revenue_growth": -0.04776533041970041,
  "profit_margin": 0.01204677718137334
}