{
  "roe": 0.23932067238935623,
  "debt_to_equity": 2.1948870203119317,
  "eps_growth": 0.002844836332774823,
  "pe_ratio": null,
  "fcf_yield": null,
  "revenue_growth": -0.07986726589765884,
  "profit_margin": 0.07373884929098228
}