{
  "roe": 0.1901045592866102,
  "debt_to_equity": 0.5327833003483583,
  "eps_growth": -0.05630743367367941,
  "pe_ratio": 10.97008692313775,
  "fcf_yield": 0.08001333887893715,
  "revenue_growth": 0.02057313067070228,
  "profit_margin": 0.10927344060870084
}