{
  "roe": 0.12565964638288377,
  "debt_to_equity": 0.08133152276691201,
  "eps_growth": 6.7834978345928585,
  "pe_ratio": null,
  "fcf_yield": null,
  "revenue_growth": 2.04320571050486,
  "profit_margin": 0.3134210560410607
}