{
  "roe": 0.12565964638288377,
  "debt_to_equity": 0.08133152276691201,
  "eps_growth": 1.8592391435310318,
  "pe_ratio": null,
  "fcf_yield": null,
  "revenue_growth": 1.0845984821358343,
  "profit_margin": 0.3134210560410607
}