{
  "roe": 0.07051943526722895,
  "debt_to_equity": 0.39437523972414146,
  "eps_growth": 0.35906059530229273,
  "pe_ratio": 19.51514918265484,
  "fcf_yield": -0.025865267018210732,
  "revenue_growth": 0.12821621409010175,
  "profit_margin": 0.038509005668466295
}