{
  "roe": 0.00797850633268213,
  "debt_to_equity": 0.6976369701621291,
  "eps_growth": -1.7763137944680714,
  "pe_ratio": null,
  "fcf_yield": null,
  "revenue_growth": -0.05566209669866565,
  "profit_margin": 0.003139404477205353
}