{
  "roe": -0.00904401239612199,
  "debt_to_equity": 0.5603887605022158,
  "eps_growth": -1.9194854569946023,
  "pe_ratio": null,
  "fcf_yield": null,
  "revenue_growth": -0.06836803413334937,
  "profit_margin": -0.031247777793861575
}