{
  "roe": 0.10273519797929576,
  "debt_to_equity": 0.7136502644019056,
  "eps_growth": -0.024058885538208587,
  "pe_ratio": null,
  "fcf_yield": null,
  "revenue_growth": -0.10979007299686627,
  "profit_margin": 0.3307427319181042
}