{
  "roe": 0.05441580960749399,
  "debt_to_equity": 0.18492762210184313,
  "eps_growth": 10.725923918041358,
  "pe_ratio": null,
  "fcf_yield": null,
  "revenue_growth": -0.6911328658000803,
  "profit_margin": 0.056327776077715795
}