{
  "roe": 0.2355777398351797,
  "debt_to_equity": 0.9830026655437004,
  "eps_growth": 1.482203736336118,
  "pe_ratio": null,
  "fcf_yield": null,
  "revenue_growth": 0.38969459575917065,
  "profit_margin": 0.6259941680473642
}