{
  "roe": -0.1591239471714428,
  "debt_to_equity": 7.475009745077848,
  "eps_growth": -4.2692570549050926,
  "pe_ratio": null,
  "fcf_yield": -0.27586998210370006,
  "revenue_growth": -0.243805125410807,
  "profit_margin": -0.03820530543691861
}