{
  "roe": -0.05423733878558892,
  "debt_to_equity": 0.19351266751481244,
  "eps_growth": 0.9641897111989121,
  "pe_ratio": null,
  "fcf_yield": null,
  "revenue_growth": -0.22563469906557684,
  "profit_margin": -0.03686361209196598
}