{
  "roe": 0.08572709788994787,
  "debt_to_equity": 4.460268094997394,
  "eps_growth": -0.6127150246290666,
  "pe_ratio": null,
  "fcf_yield": null,
  "revenue_growth": -0.13199830449404815,
  "profit_margin": 0.028836414312608354
}