{
  "roe": 0.07884395487183721,
  "debt_to_equity": 0.05979069517986637,
  "eps_growth": 3.5596491086020943,
  "pe_ratio": null,
  "fcf_yield": null,
  "revenue_growth": 1.553889777376367,
  "profit_margin": 0.2514477876781028
}