{
  "roe": 0.10147547360790463,
  "debt_to_equity": 2.224159353715269,
  "eps_growth": 1.8847105556298893,
  "pe_ratio": null,
  "fcf_yield": null,
  "revenue_growth": 0.1308496354911456,
  "profit_margin": 0.10517208041961906
}