{
  "roe": 0.09798869324655811,
  "debt_to_equity": 0.6843489374924003,
  "eps_growth": 10.976912040180482,
  "pe_ratio": null,
  "fcf_yield": null,
  "revenue_growth": 0.5994030893770405,
  "profit_margin": 0.05129065081567609
}