{
  "roe": 0.1530884808395753,
  "debt_to_equity": 0.3918991497838722,
  "eps_growth": -0.020583112629687206,
  "pe_ratio": null,
  "fcf_yield": null,
  "revenue_growth": 0.2970161295603865,
  "profit_margin": 0.14834838108946888
}