{
  "roe": -0.02965196747203796,
  "debt_to_equity": 0.023515923304328952,
  "eps_growth": -1.6141323964317822,
  "pe_ratio": null,
  "fcf_yield": null,
  "revenue_growth": -0.6144708924504091,
  "profit_margin": -0.45851711268031936
}