{
  "roe": 0.02013258483839788,
  "debt_to_equity": 0.2409994276764783,
  "eps_growth": -1.2048697743563033,
  "pe_ratio": null,
  "fcf_yield": null,
  "revenue_growth": -0.6874461376997527,
  "profit_margin": 0.31600585627215944
}