{
  "roe": 0.11667116543389787,
  "debt_to_equity": 3.0136433460845833,
  "eps_growth": -0.41563629161379423,
  "pe_ratio": null,
  "fcf_yield": null,
  "revenue_growth": -0.18181362730539005,
  "profit_margin": 0.012063116153573904
}