{
  "roe": 0.08278485052150537,
  "debt_to_equity": 1.0441795899593753,
  "eps_growth": -0.9067309391092649,
  "pe_ratio": 11.830255135215209,
  "fcf_yield": 0.556802449051331,
  "revenue_growth": -0.18179545194503152,
  "profit_margin": 0.22564732406401505
}