{
  "roe": 0.07335557735041087,
  "debt_to_equity": 1.1803127587264668,
  "eps_growth": 5.110660980156683,
  "pe_ratio": null,
  "fcf_yield": null,
  "revenue_growth": 0.04301693302742511,
  "profit_margin": 0.026887769338508286
}