{
  "roe": 0.005421822014268404,
  "debt_to_equity": 0.33798612555203245,
  "eps_growth": 1.1151809198155562,
  "pe_ratio": null,
  "fcf_yield": null,
  "revenue_growth": -0.3150901053746911,
  "profit_margin": 0.002741799496954206
}