{
  "roe": 0.18787099176935262,
  "debt_to_equity": 1.5404999476034704,
  "eps_growth": 0.4454616157486896,
  "pe_ratio": null,
  "fcf_yield": null,
  "revenue_growth": 0.19386983934302487,
  "profit_margin": 0.05171557963348374
}