{
  "roe": 0.1824875518801531,
  "debt_to_equity": 0.38301514057953084,
  "eps_growth": 1.1209386702599053,
  "pe_ratio": null,
  "fcf_yield": null,
  "revenue_growth": 0.11626988875363135,
  "profit_margin": 0.031282773268355706
}