{
  "roe": 0.07884524256437275,
  "debt_to_equity": 3.55138203749746,
  "eps_growth": 0.10661065986728238,
  "pe_ratio": null,
  "fcf_yield": null,
  "revenue_growth": -0.1307663891364694,
  "profit_margin": 0.021623208214915292
}