{
  "roe": 0.007606769199169391,
  "debt_to_equity": 3.952602025852779,
  "eps_growth": -0.8885318632147282,
  "pe_ratio": null,
  "fcf_yield": null,
  "revenue_growth": -0.5126463791381315,
  "profit_margin": 0.0065295555808524116
}