{
  "roe": 0.1358142629054646,
  "debt_to_equity": 12.471238677408195,
  "eps_growth": 0.6509967738096318,
  "pe_ratio": 6.084820858275815,
  "fcf_yield": 0.31788753364834665,
  "revenue_growth": null,
  "profit_margin": null
}