{
  "roe": 0.16005543230149674,
  "debt_to_equity": 1.1901137098845251,
  "eps_growth": 0.2458127675286472,
  "pe_ratio": null,
  "fcf_yield": null,
  "revenue_growth": 0.040010144125206024,
  "profit_margin": 0.03449967686314904
}