{
  "roe": 0.023103917276776496,
  "debt_to_equity": 1.5674088505270285,
  "eps_growth": -0.6618835425769724,
  "pe_ratio": null,
  "fcf_yield": null,
  "revenue_growth": 0.27068140946548574,
  "profit_margin": 0.009890446029112474
}