{
  "roe": 0.017264870857648055,
  "debt_to_equity": 2.2285735174792936,
  "eps_growth": -0.8975155351547324,
  "pe_ratio": null,
  "fcf_yield": null,
  "revenue_growth": 0.01950174942452702,
  "profit_margin": 0.014130620141843938
}