{
  "roe": 0.07377761109036257,
  "debt_to_equity": 1.0808241896351745,
  "eps_growth": -0.4756468430660384,
  "pe_ratio": null,
  "fcf_yield": null,
  "revenue_growth": -0.6322879181818091,
  "profit_margin": 0.1854930693470812
}