{
  "roe": 0.016400230710406145,
  "debt_to_equity": 1.7142853478292828,
  "eps_growth": -0.9305275727953954,
  "pe_ratio": null,
  "fcf_yield": null,
  "revenue_growth": 0.07180745068006618,
  "profit_margin": 0.03552332783013799
}