{
  "roe": 0.012675075365591633,
  "debt_to_equity": 10.257659076468732,
  "eps_growth": -0.6171045831833558,
  "pe_ratio": null,
  "fcf_yield": null,
  "revenue_growth": -0.46930602194959387,
  "profit_margin": 0.003754859333055872
}