{
  "roe": -0.12005866091024908,
  "debt_to_equity": 0.018065300276126715,
  "eps_growth": 1.5922338993352632,
  "pe_ratio": null,
  "fcf_yield": 1.5925958170151768,
  "revenue_growth": -0.8686091049471113,
  "profit_margin": -0.02738374846371554
}