{
  "roe": 0.15364741615427052,
  "debt_to_equity": 9.90009338877873,
  "eps_growth": 0.16460724931809864,
  "pe_ratio": 14.29082810679579,
  "fcf_yield": 0.3176536172149661,
  "revenue_growth": null,
  "profit_margin": null
}