{
  "roe": 0.15364741615427052,
  "debt_to_equity": 9.90009338877873,
  "eps_growth": 0.16460724931809864,
  "pe_ratio": 14.453487972286572,
  "fcf_yield": 0.31407873655308577,
  "revenue_growth": null,
  "profit_margin": null
}