{
  "roe": 0.15364741615427052,
  "debt_to_equity": 9.90009338877873,
  "eps_growth": 0.07069115916939551,
  "pe_ratio": 14.802044960216566,
  "fcf_yield": 0.3066828437098985,
  "revenue_growth": null,
  "profit_margin": null
}