{
  "roe": 0.15364741615427052,
  "debt_to_equity": 9.90009338877873,
  "eps_growth": 0.07069115916939551,
  "pe_ratio": 14.75557044631971,
  "fcf_yield": 0.30764877966837434,
  "revenue_growth": null,
  "profit_margin": null
}