{
  "roe": 0.07836741415880782,
  "debt_to_equity": 3.749275970514242,
  "eps_growth": 16.45463088962496,
  "pe_ratio": null,
  "fcf_yield": null,
  "revenue_growth": 0.342808440472639,
  "profit_margin": 0.013430662874273991
}