{
  "roe": 0.40189255543414043,
  "debt_to_equity": 0.40854714171782863,
  "eps_growth": 0.14580428945392265,
  "pe_ratio": 16.36157942847724,
  "fcf_yield": 0.0070427737877340685,
  "revenue_growth": 0.14316574155724296,
  "profit_margin": 0.18254867767033234
}