{
  "roe": 0.33827452364844407,
  "debt_to_equity": 1.3709051474274292,
  "eps_growth": 1.7199956617238754,
  "pe_ratio": 2.98922272368815,
  "fcf_yield": 0.18415467781813866,
  "revenue_growth": 0.21696224251391846,
  "profit_margin": 0.2573302362217654
}