{
  "roe": 0.33827452364844407,
  "debt_to_equity": 1.3709051474274292,
  "eps_growth": 0.12690176924823374,
  "pe_ratio": 3.10819680324464,
  "fcf_yield": 0.17710569261019957,
  "revenue_growth": -0.21948038279944623,
  "profit_margin": 0.2573302362217654
}