{
  "roe": 0.08013063144552245,
  "debt_to_equity": 1.1419521536722843,
  "eps_growth": 0.8527812818520456,
  "pe_ratio": 20.466656025342296,
  "fcf_yield": -0.41440703233833853,
  "revenue_growth": 0.2128247172536717,
  "profit_margin": 0.2507005151230038
}