{
  "roe": 0.08013063144552245,
  "debt_to_equity": 1.1419521536722843,
  "eps_growth": 0.22035003322161223,
  "pe_ratio": 20.549348831008988,
  "fcf_yield": -0.41273941355032356,
  "revenue_growth": 0.5357099461844935,
  "profit_margin": 0.2507005151230038
}