{
  "roe": 0.13553126734647453,
  "debt_to_equity": 0.7681664095193498,
  "eps_growth": 1.3640835065524972,
  "pe_ratio": 19.31041784171537,
  "fcf_yield": -0.09849625051812744,
  "revenue_growth": 0.47525694763714965,
  "profit_margin": 0.4377668520167875
}