{
  "roe": 0.14819590527109966,
  "debt_to_equity": 0.2237348029783134,
  "eps_growth": 4.145407829209517,
  "pe_ratio": null,
  "fcf_yield": null,
  "revenue_growth": 8.054903249233947,
  "profit_margin": 0.11533910141041304
}