{
  "roe": 0.1243865481128741,
  "debt_to_equity": 0.1593781895024103,
  "eps_growth": -0.5087767916232964,
  "pe_ratio": null,
  "fcf_yield": null,
  "revenue_growth": -0.36602259462797754,
  "profit_margin": 0.16945566292858455
}