{
  "roe": 0.04979385239783878,
  "debt_to_equity": 0.046555705128348814,
  "eps_growth": 5.428539348402429,
  "pe_ratio": null,
  "fcf_yield": null,
  "revenue_growth": 2.548052860661274,
  "profit_margin": 0.09222473730870921
}