{
  "roe": 0.08092907298656893,
  "debt_to_equity": 0.36989889182285607,
  "eps_growth": -0.23781186129567364,
  "pe_ratio": null,
  "fcf_yield": null,
  "revenue_growth": -0.12219708379734089,
  "profit_margin": 0.06100434932020182
}