{
  "roe": 0.07714942442383145,
  "debt_to_equity": 1.5976613484390922,
  "eps_growth": -1.634540733440326,
  "pe_ratio": 15.654843710938337,
  "fcf_yield": -0.01617404850442585,
  "revenue_growth": 0.12021954467600586,
  "profit_margin": 0.2172526043332823
}