{
  "roe": 0.07714942442383145,
  "debt_to_equity": 1.5976613484390922,
  "eps_growth": -1.2469327481277392,
  "pe_ratio": 15.596648254227084,
  "fcf_yield": -0.016234398402958053,
  "revenue_growth": -0.36260442653111363,
  "profit_margin": 0.2172526043332823
}