{
  "roe": 0.09867014512271001,
  "debt_to_equity": 0.23427198540845534,
  "eps_growth": 0.31307211818891645,
  "pe_ratio": null,
  "fcf_yield": null,
  "revenue_growth": null,
  "profit_margin": 0.23330156153482323
}