{
  "roe": -0.10287110789200014,
  "debt_to_equity": 5.101593562068318,
  "eps_growth": -47.2685482015224,
  "pe_ratio": null,
  "fcf_yield": null,
  "revenue_growth": 0.03876407147739273,
  "profit_margin": -0.02068191267147551
}