{
  "roe": -0.02376157496920437,
  "debt_to_equity": 0.8131138913519388,
  "eps_growth": -1.417120780868622,
  "pe_ratio": null,
  "fcf_yield": null,
  "revenue_growth": -0.8061680561935485,
  "profit_margin": -0.012413798113300716
}