{
  "roe": 0.19465810078798595,
  "debt_to_equity": 0.715545432406823,
  "eps_growth": 0.20235592179311546,
  "pe_ratio": 5.608110961971345,
  "fcf_yield": 0.4921123407769188,
  "revenue_growth": 0.3154382227781849,
  "profit_margin": 0.09619573047453892
}