{
  "roe": 0.08119250016983477,
  "debt_to_equity": 1.384053576031549,
  "eps_growth": -0.14764544727493473,
  "pe_ratio": null,
  "fcf_yield": null,
  "revenue_growth": 1.5933998259365971,
  "profit_margin": 0.26146432674534703
}