{
  "roe": 0.13388947087751019,
  "debt_to_equity": 1.2246032265495512,
  "eps_growth": 0.8775977836400881,
  "pe_ratio": 12.00555389714234,
  "fcf_yield": 0.06762372350667843,
  "revenue_growth": 0.2074390828675793,
  "profit_margin": 0.1177385200963677
}