{
  "roe": 0.13388947087751019,
  "debt_to_equity": 1.2246032265495512,
  "eps_growth": 0.8775977836400881,
  "pe_ratio": 11.395571812152038,
  "fcf_yield": 0.07124348568617905,
  "revenue_growth": 0.2074390828675793,
  "profit_margin": 0.1177385200963677
}