{
  "roe": 0.06930490319103753,
  "debt_to_equity": 24.244105582567943,
  "eps_growth": -0.9459415094959832,
  "pe_ratio": null,
  "fcf_yield": null,
  "revenue_growth": 0.23531656766532535,
  "profit_margin": 0.0014078203897555381
}