{
  "roe": 0.1650699603838604,
  "debt_to_equity": 1.3412197236069328,
  "eps_growth": 2.7384943591262307,
  "pe_ratio": null,
  "fcf_yield": null,
  "revenue_growth": -0.14411802153699618,
  "profit_margin": 0.030604584518284687
}