{
  "roe": 0.15307810721730897,
  "debt_to_equity": 0.33153741891274696,
  "eps_growth": -0.15911207347085427,
  "pe_ratio": 8.104264134708465,
  "fcf_yield": 0.09140391680478277,
  "revenue_growth": -0.07543441406176607,
  "profit_margin": 0.12828232342944634
}