{
  "roe": 0.15307810721730897,
  "debt_to_equity": 0.33153741891274696,
  "eps_growth": -0.4698321942344465,
  "pe_ratio": 8.515864183884908,
  "fcf_yield": 0.08698606139523288,
  "revenue_growth": -0.07449994275429636,
  "profit_margin": 0.12828232342944634
}