{
  "roe": 0.05664705492768427,
  "debt_to_equity": 0.6398436596820624,
  "eps_growth": 3.922172833208695,
  "pe_ratio": null,
  "fcf_yield": null,
  "revenue_growth": -0.03710074418385176,
  "profit_margin": 0.040429976579749276
}