{
  "roe": 0.07241716855544063,
  "debt_to_equity": 0.5385110955329155,
  "eps_growth": 1.7372946887780032,
  "pe_ratio": null,
  "fcf_yield": null,
  "revenue_growth": -0.2597867768273409,
  "profit_margin": 0.0343603827726064
}