{
  "roe": 0.24302725346022766,
  "debt_to_equity": 2.188562441588268,
  "eps_growth": 1.3913450472924471,
  "pe_ratio": 9.415541330688548,
  "fcf_yield": 0.10291877551640796,
  "revenue_growth": 1.2947454348074618,
  "profit_margin": 0.3271449057107161
}