{
  "roe": 0.24302725346022766,
  "debt_to_equity": 2.188562441588268,
  "eps_growth": 2.115394173023603,
  "pe_ratio": 9.83056755992694,
  "fcf_yield": 0.09857375768706864,
  "revenue_growth": 2.4315873956209977,
  "profit_margin": 0.3271449057107161
}