{
  "roe": 0.24302725346022766,
  "debt_to_equity": 2.188562441588268,
  "eps_growth": 1.3913450472924471,
  "pe_ratio": 8.455403652659443,
  "fcf_yield": 0.114605526168323,
  "revenue_growth": 1.2947454348074618,
  "profit_margin": 0.3271449057107161
}