{
  "roe": 0.15444705425401165,
  "debt_to_equity": 10.479430306048515,
  "eps_growth": 0.3316943579237083,
  "pe_ratio": 7.242892630067073,
  "fcf_yield": 0.43356695686204594,
  "revenue_growth": null,
  "profit_margin": null
}