{
  "roe": 0.093896976665902,
  "debt_to_equity": 6.6686106304970165,
  "eps_growth": 6.7403187023453635,
  "pe_ratio": 100.38276753035643,
  "fcf_yield": 0.020563558768675855,
  "revenue_growth": 1.4653704951393567,
  "profit_margin": 0.04098505853828219
}