{
  "roe": 0.093896976665902,
  "debt_to_equity": 6.6686106304970165,
  "eps_growth": 1.4431519163887476,
  "pe_ratio": 113.68400190150055,
  "fcf_yield": 0.018157585103850613,
  "revenue_growth": 1.2478764117968772,
  "profit_margin": 0.04098505853828219
}