{
  "roe": 0.0022297240451109117,
  "debt_to_equity": 0.7162551319394932,
  "eps_growth": -0.8259031463373389,
  "pe_ratio": null,
  "fcf_yield": null,
  "revenue_growth": -0.2189379989925707,
  "profit_margin": 0.0012174972448979918
}