{
  "roe": 0.09338944959375386,
  "debt_to_equity": 0.07837963712346878,
  "eps_growth": 0.7168973887176643,
  "pe_ratio": null,
  "fcf_yield": null,
  "revenue_growth": 0.40507299241261696,
  "profit_margin": 0.24005544712128749
}