{
  "roe": 0.007119128829437866,
  "debt_to_equity": 0.025691323247318727,
  "eps_growth": -1.119942650523024,
  "pe_ratio": null,
  "fcf_yield": null,
  "revenue_growth": -0.694275962630454,
  "profit_margin": 0.062104212694768006
}