{
  "roe": 0.05478867952400265,
  "debt_to_equity": 0.09998578581105357,
  "eps_growth": -0.5696982647613092,
  "pe_ratio": 11.051742525599279,
  "fcf_yield": 0.03995892793721967,
  "revenue_growth": 0.08219645061779302,
  "profit_margin": 0.11702564971211667
}