{
  "roe": 0.09850943784995357,
  "debt_to_equity": 2.521952351402738,
  "eps_growth": -0.9869700261436458,
  "pe_ratio": null,
  "fcf_yield": null,
  "revenue_growth": 0.7086309147111602,
  "profit_margin": 0.029578144316910304
}