{
  "roe": 0.23971118153068996,
  "debt_to_equity": 0.3707232998480621,
  "eps_growth": 0.11780986850390548,
  "pe_ratio": 6.264804401125453,
  "fcf_yield": -0.07433175882890615,
  "revenue_growth": 3.3644246031658342,
  "profit_margin": 0.578151868777148
}