{
  "roe": 0.09625790167834265,
  "debt_to_equity": 4.514374027736772,
  "eps_growth": 0.5680350119511364,
  "pe_ratio": 41.03860021443542,
  "fcf_yield": -0.266124333055991,
  "revenue_growth": 0.17534013734488033,
  "profit_margin": 0.029420311200756423
}