{
  "roe": 0.09625790167834265,
  "debt_to_equity": 4.514374027736772,
  "eps_growth": 2.465298267287297,
  "pe_ratio": 40.377450940653596,
  "fcf_yield": -0.2704819114923873,
  "revenue_growth": 0.2945792913218272,
  "profit_margin": 0.029420311200756423
}