{
  "roe": 0.09625790167834265,
  "debt_to_equity": 4.514374027736772,
  "eps_growth": 2.465298267287297,
  "pe_ratio": 42.266452692124965,
  "fcf_yield": -0.2583933454546313,
  "revenue_growth": 0.2945792913218272,
  "profit_margin": 0.029420311200756423
}