{
  "roe": 0.02009526010925741,
  "debt_to_equity": 0.053832413066963625,
  "eps_growth": 1.0397761407049626,
  "pe_ratio": null,
  "fcf_yield": null,
  "revenue_growth": -0.6086190236671665,
  "profit_margin": 0.13121094567593417
}