{
  "roe": -0.028801054102644656,
  "debt_to_equity": 2.2896837474706127,
  "eps_growth": 0.42560203599145763,
  "pe_ratio": null,
  "fcf_yield": null,
  "revenue_growth": -0.615465775267743,
  "profit_margin": -0.012398139913683987
}