{
  "roe": 0.06449608633524578,
  "debt_to_equity": 1.66205136322165,
  "eps_growth": -0.057014128895157015,
  "pe_ratio": null,
  "fcf_yield": null,
  "revenue_growth": -0.6082769286291395,
  "profit_margin": 0.023394824561121713
}