{
  "roe": 0.09857769045199533,
  "debt_to_equity": 0.6435045836553206,
  "eps_growth": 0.3809045408864666,
  "pe_ratio": null,
  "fcf_yield": null,
  "revenue_growth": 0.4551898091985382,
  "profit_margin": 0.04848579180271489
}