{
  "roe": 0.26506748573268313,
  "debt_to_equity": 0.47595619413064505,
  "eps_growth": 1.267437511743396,
  "pe_ratio": null,
  "fcf_yield": null,
  "revenue_growth": 0.2213785903950583,
  "profit_margin": 0.08180183392621955
}