{
  "roe": 0.10186803684991111,
  "debt_to_equity": 1.236297594360585,
  "eps_growth": 0.5811982706837403,
  "pe_ratio": 12.71549889931392,
  "fcf_yield": 0.17333615329801438,
  "revenue_growth": 0.23918034278045433,
  "profit_margin": 0.30391066172813197
}