{
  "roe": 0.10186803684991111,
  "debt_to_equity": 1.236297594360585,
  "eps_growth": 0.47984071721956684,
  "pe_ratio": 12.262618066634198,
  "fcf_yield": 0.17973777332829977,
  "revenue_growth": 0.03822001070617675,
  "profit_margin": 0.30391066172813197
}