{
  "roe": 0.0513594322380661,
  "debt_to_equity": 2.8324934278549825,
  "eps_growth": 133.60754160635906,
  "pe_ratio": null,
  "fcf_yield": null,
  "revenue_growth": 0.703757114597148,
  "profit_margin": 0.08172278360832293
}