{
  "roe": 0.0513594322380661,
  "debt_to_equity": 2.8324934278549825,
  "eps_growth": 9.385336658485631,
  "pe_ratio": null,
  "fcf_yield": null,
  "revenue_growth": 3.2489887688582946,
  "profit_margin": 0.08172278360832293
}