{
  "roe": 0.10151885047737286,
  "debt_to_equity": 0.3576516075396571,
  "eps_growth": -0.3187129460879826,
  "pe_ratio": null,
  "fcf_yield": null,
  "revenue_growth": -0.43696710961057345,
  "profit_margin": 0.040244383769162215
}