{
  "roe": 0.008617061426167527,
  "debt_to_equity": 2.978063960901639,
  "eps_growth": -1.8878846516607957,
  "pe_ratio": null,
  "fcf_yield": null,
  "revenue_growth": -0.2638558163701857,
  "profit_margin": 0.012244192711190446
}