{
  "roe": 0.1625418719163631,
  "debt_to_equity": 0.5182396502713562,
  "eps_growth": -0.12013583375725295,
  "pe_ratio": null,
  "fcf_yield": null,
  "revenue_growth": 0.2475009575271094,
  "profit_margin": 0.03649526827340659
}