{
  "roe": 0.28032368195910196,
  "debt_to_equity": 0.5108180155361497,
  "eps_growth": -0.08818519494244874,
  "pe_ratio": 11.847339344376946,
  "fcf_yield": 0.059871115024173666,
  "revenue_growth": -0.030447668268692336,
  "profit_margin": 0.15382188786295004
}