{
  "roe": 0.28032368195910196,
  "debt_to_equity": 0.5108180155361497,
  "eps_growth": -0.012201183262360865,
  "pe_ratio": 12.009909477616038,
  "fcf_yield": 0.05906067967786289,
  "revenue_growth": -0.034436679784675975,
  "profit_margin": 0.15382188786295004
}