{
  "roe": 0.02767093612301176,
  "debt_to_equity": 0.5999201076516976,
  "eps_growth": -0.6353160759670308,
  "pe_ratio": 17.41893079622611,
  "fcf_yield": -0.30443836234393123,
  "revenue_growth": -0.11248346063869025,
  "profit_margin": 0.03569910929118804
}