{
  "roe": 0.08966481799909598,
  "debt_to_equity": 1.7854316726920603,
  "eps_growth": -0.30108714341794646,
  "pe_ratio": null,
  "fcf_yield": null,
  "revenue_growth": -0.093365877039976,
  "profit_margin": 0.013751172714760467
}