{
  "roe": 0.17118479726301633,
  "debt_to_equity": 0.8250469049557109,
  "eps_growth": -0.9847535327616136,
  "pe_ratio": 4.706219082592628,
  "fcf_yield": -0.6488108554491325,
  "revenue_growth": -0.6212471811414836,
  "profit_margin": 0.10832041474225465
}