{
  "roe": 0.1433463118668635,
  "debt_to_equity": 6.352490528901237,
  "eps_growth": 0.7383103905594947,
  "pe_ratio": 7.815545716747061,
  "fcf_yield": 0.2297855715218305,
  "revenue_growth": null,
  "profit_margin": null
}