{
  "roe": 0.1433463118668635,
  "debt_to_equity": 6.352490528901237,
  "eps_growth": 0.7383103905594947,
  "pe_ratio": 7.993508665444196,
  "fcf_yield": 0.22466975572834016,
  "revenue_growth": null,
  "profit_margin": null
}