{
  "roe": 0.1433463118668635,
  "debt_to_equity": 6.352490528901237,
  "eps_growth": 0.2819186081365939,
  "pe_ratio": 8.008338963436167,
  "fcf_yield": 0.22425369948466128,
  "revenue_growth": null,
  "profit_margin": null
}