{
  "roe": 0.1433463118668635,
  "debt_to_equity": 6.352490528901237,
  "eps_growth": 0.7383103905594947,
  "pe_ratio": 7.682073662025839,
  "fcf_yield": 0.23377797692246047,
  "revenue_growth": null,
  "profit_margin": null
}