{
  "roe": 0.17057268042501741,
  "debt_to_equity": 0.056708852647419,
  "eps_growth": 0.34073348696188116,
  "pe_ratio": 9.64682046404991,
  "fcf_yield": 0.1297124708580095,
  "revenue_growth": 0.004364852969846208,
  "profit_margin": 0.39291435393041513
}