{
  "roe": -0.6679097689602644,
  "debt_to_equity": 1.4286079501148288,
  "eps_growth": -16.68287538221326,
  "pe_ratio": null,
  "fcf_yield": 8.201123549444189,
  "revenue_growth": -0.9418584668721555,
  "profit_margin": -0.08171202086577685
}