{
  "roe": -0.020477608733988725,
  "debt_to_equity": 1.0155952107678359,
  "eps_growth": 0.5976347267856288,
  "pe_ratio": null,
  "fcf_yield": null,
  "revenue_growth": 3.006479301478068,
  "profit_margin": -0.12954640937732664
}