{
  "roe": 0.049913905205981386,
  "debt_to_equity": 1.778295125807235,
  "eps_growth": 0.026126114565967428,
  "pe_ratio": 71.59237442609357,
  "fcf_yield": -0.05705419597373262,
  "revenue_growth": 0.7206062186139176,
  "profit_margin": 0.13755389245547053
}