{
  "roe": 0.049913905205981386,
  "debt_to_equity": 1.778295125807235,
  "eps_growth": 14.613548500352627,
  "pe_ratio": 70.43765517043389,
  "fcf_yield": -0.05798951357548468,
  "revenue_growth": 0.6017481564642267,
  "profit_margin": 0.13755389245547053
}