{
  "roe": 0.08789144125110342,
  "debt_to_equity": 0.4614088048017122,
  "eps_growth": -0.8723581096815384,
  "pe_ratio": null,
  "fcf_yield": null,
  "revenue_growth": -0.22795859857288048,
  "profit_margin": 0.045191765820609034
}