{
  "roe": 0.10889216330688188,
  "debt_to_equity": 1.3026652527406843,
  "eps_growth": 0.7119241484438795,
  "pe_ratio": 13.342116093761227,
  "fcf_yield": -0.6420378083929124,
  "revenue_growth": 3.4379330540205224,
  "profit_margin": 0.36955092489645974
}