{
  "roe": -0.006588104453192834,
  "debt_to_equity": 0.37061711851516266,
  "eps_growth": 3.1247951385475106,
  "pe_ratio": null,
  "fcf_yield": null,
  "revenue_growth": -0.8266865369350929,
  "profit_margin": -1.100718117793073
}