{
  "roe": 0.1375659486865891,
  "debt_to_equity": 0.21988203574385795,
  "eps_growth": 0.5724955211606801,
  "pe_ratio": 9.469668151091291,
  "fcf_yield": -0.10305400641822239,
  "revenue_growth": -0.07463090021052224,
  "profit_margin": 0.7639010468717742
}