{
  "roe": 0.1375659486865891,
  "debt_to_equity": 0.21988203574385795,
  "eps_growth": 0.3024479833936072,
  "pe_ratio": 10.841365180709095,
  "fcf_yield": -0.09001516194265571,
  "revenue_growth": 0.07046853633151781,
  "profit_margin": 0.7639010468717742
}