{
  "roe": 0.1375659486865891,
  "debt_to_equity": 0.21988203574385795,
  "eps_growth": 0.5724955211606801,
  "pe_ratio": 10.312518515376773,
  "fcf_yield": -0.0946313202702011,
  "revenue_growth": -0.07463090021052224,
  "profit_margin": 0.7639010468717742
}