{
  "roe": 0.06732656145185795,
  "debt_to_equity": 0.8715167566908254,
  "eps_growth": -0.1717822451034132,
  "pe_ratio": null,
  "fcf_yield": null,
  "revenue_growth": 0.06929621552106335,
  "profit_margin": 0.021152393370964525
}