{
  "roe": 0.07149528636223201,
  "debt_to_equity": 1.0860270136564232,
  "eps_growth": -0.23921222118441215,
  "pe_ratio": 15.083609390364487,
  "fcf_yield": -0.1083419868016857,
  "revenue_growth": 0.19934004354409393,
  "profit_margin": 0.14302322338262838
}