{
  "roe": 0.17754336573427032,
  "debt_to_equity": 0.7048273874275621,
  "eps_growth": 3.0010753144289497,
  "pe_ratio": 11.721591447386983,
  "fcf_yield": 0.1475966364554936,
  "revenue_growth": 0.4987022782264298,
  "profit_margin": 0.37541443287594023
}