{
  "roe": 0.18558409627751832,
  "debt_to_equity": 1.283382575954038,
  "eps_growth": 1.2433164007320836,
  "pe_ratio": null,
  "fcf_yield": null,
  "revenue_growth": 1.741887431525933,
  "profit_margin": 0.06728471046627336
}