{
  "roe": 0.12763824167046905,
  "debt_to_equity": 0.28560047365917113,
  "eps_growth": -0.0589407889055689,
  "pe_ratio": null,
  "fcf_yield": null,
  "revenue_growth": 0.1144603941439808,
  "profit_margin": 0.0416072746766745
}