{
  "roe": 0.08568192176622204,
  "debt_to_equity": 0.21088426780716643,
  "eps_growth": 0.2580360548328315,
  "pe_ratio": null,
  "fcf_yield": null,
  "revenue_growth": 0.040548202501759105,
  "profit_margin": 0.12093135365364414
}