{
  "roe": 0.08520492365975725,
  "debt_to_equity": 5.751982937804949,
  "eps_growth": 1.4817929234489053,
  "pe_ratio": null,
  "fcf_yield": null,
  "revenue_growth": 0.7387695541314055,
  "profit_margin": 0.010713192092969998
}