{
  "roe": 0.0014109643716072858,
  "debt_to_equity": 0.08598135618012251,
  "eps_growth": 0.4515882181212157,
  "pe_ratio": null,
  "fcf_yield": null,
  "revenue_growth": null,
  "profit_margin": 0.013761232724508294
}