{
  "roe": 0.10910022695905175,
  "debt_to_equity": 0.2965071249191121,
  "eps_growth": 0.028438866760578163,
  "pe_ratio": null,
  "fcf_yield": null,
  "revenue_growth": 0.05070227293237148,
  "profit_margin": 0.1186072567892112
}