{
  "roe": 0.2134392162416432,
  "debt_to_equity": 2.9538328842920234,
  "eps_growth": -0.5520433338087627,
  "pe_ratio": 28.94304329219328,
  "fcf_yield": 0.016038488287839242,
  "revenue_growth": -0.03768465980509533,
  "profit_margin": 0.01845918162049235
}