{
  "roe": 0.001653386785785644,
  "debt_to_equity": 0.7776025657148758,
  "eps_growth": 1.0276613962987873,
  "pe_ratio": null,
  "fcf_yield": null,
  "revenue_growth": -0.40719778860060835,
  "profit_margin": 0.00046072045579541743
}