{
  "roe": 0.07075609295957658,
  "debt_to_equity": 2.8239884984787547,
  "eps_growth": 1.1590149432249486,
  "pe_ratio": null,
  "fcf_yield": null,
  "revenue_growth": 0.41879785308522105,
  "profit_margin": 0.012551515702780692
}