{
  "roe": 0.5638093825423683,
  "debt_to_equity": 7.332402835388748,
  "eps_growth": 13.36010271720422,
  "pe_ratio": 5.619473526850178,
  "fcf_yield": 1.1175548576793142,
  "revenue_growth": 1.6257208643515184,
  "profit_margin": 0.04775634854645619
}