{
  "roe": 0.27259763901911865,
  "debt_to_equity": 0.0759651297317197,
  "eps_growth": 0.052198202735742605,
  "pe_ratio": null,
  "fcf_yield": null,
  "revenue_growth": 0.11102320919397861,
  "profit_margin": 0.4835442696257406
}