{
  "roe": 0.1008356759220632,
  "debt_to_equity": 0.012041430757772847,
  "eps_growth": 4.896251930174483,
  "pe_ratio": null,
  "fcf_yield": null,
  "revenue_growth": 7.335351663060942,
  "profit_margin": 0.6087561084759688
}