{
  "roe": 0.13715573095810596,
  "debt_to_equity": 0.6287950898601635,
  "eps_growth": 3.8122628799365277,
  "pe_ratio": null,
  "fcf_yield": null,
  "revenue_growth": 1.1887914726258357,
  "profit_margin": 0.0369219603660224
}