{
  "roe": 0.08755088096640011,
  "debt_to_equity": 1.0922116553930583,
  "eps_growth": 0.5098874569182128,
  "pe_ratio": null,
  "fcf_yield": null,
  "revenue_growth": 0.28706247899855925,
  "profit_margin": 0.03310374919933544
}