{
  "roe": 0.031946322223665,
  "debt_to_equity": 0.3485563188638062,
  "eps_growth": 0.5551535063573995,
  "pe_ratio": 26.532473775136886,
  "fcf_yield": 0.22999832655465693,
  "revenue_growth": -0.010905294938452258,
  "profit_margin": 0.04224488749039972
}